,username,user_handle,date,retweets,favorites,text,geological_location,mentions,hashtags,tweet_id,permalink,len,SA
0,Flash Technology,flashtechnology,2017-12-18 10:45:00,2,10,I'm dreaming of white Christmas Just like the ones I used to know Where the Flash beacon glistens & Keeps airplanes flying safe in the snow I'm dreaming of a white Christmas With every climb I make on site If you join our VIP program You can trust the job will be done right pic.twitter.com/tSI1u6s5fY,,,,9.43e+17,https://twitter.com/flashtechnology/status/942782787404337153,301,1
1,Flash Technology,flashtechnology,2017-12-13 10:25:00,2,9,We don‚Äôt have a chimney and these aren‚Äôt exactly stockings. But they were hung with care!pic.twitter.com/0HYqqBqLly,,,,9.41e+17,https://twitter.com/flashtechnology/status/940965812482998272,115,1
2,Flash Technology,flashtechnology,2018-05-15 10:17:00,0,7,"Last Tuesday, Flash Field Services held our # OSHA # StandDown4Safety. Safety is more than training, rigging & site inspections. Ensure your trucks are in good condition & practice driver safety awareness. Crews can encounter any number of surprises on the road to/from job sites.pic.twitter.com/A5VeZXYCXF",,,# #,9.96e+17,https://twitter.com/flashtechnology/status/996394192527085568,306,1
3,Flash Technology,flashtechnology,2017-11-20 10:12:00,2,6,"Downtown Nashville at night from @ MusicCityAerial, with our own Vanguard¬Æ Medium system lighting the @ Westin Nashville!pic.twitter.com/Ns5egBCipX",,@ @,,9.33e+17,https://twitter.com/flashtechnology/status/932627613780082689,147,1
4,Flash Technology,flashtechnology,2017-09-07 10:27:00,1,6,"With the recent devastation from # Harvey and now # Irma, don't wait to make your family emergency plan. # natlprep # planaheadhttps://twitter.com/Readygov/status/903594529286230016 ‚Ä¶",,,# # # #,9.06e+17,https://twitter.com/flashtechnology/status/905799800569847808,183,0
5,Flash Technology,flashtechnology,2018-05-29 13:01:00,0,6,"In the 3rd annual Flash # fooddrive, our staff donated a total of 980 pounds of food for GraceWorks Ministries! # giveback # payitforwardpic.twitter.com/Q0k44UJuT2",,,# # #,1e+18,https://twitter.com/flashtechnology/status/1001508902926798849,163,0
6,Flash Technology,flashtechnology,2018-01-31 13:57:00,0,6,"A sleepy coastal town in northeastern Brazil, S√£o Bento do Norte is home to about 3,000 residents. The district also hosts a 94 MW wind complex with 47 Vestas turbines. The farm is lit with our ICAO-compliant FTS 370d Vanguard Medium obstruction lighting system.pic.twitter.com/tISlN3XHBZ",,,,9.59e+17,https://twitter.com/flashtechnology/status/958776239589793792,288,-1
7,Flash Technology,flashtechnology,2017-09-20 10:23:00,2,5,A # towerclimber scales Willis Tower's antennas every 18 months to maintain Flash's FTB 204 and FTB 302 white xenon tower lights! # flashaboutpic.twitter.com/XeLlJzq84u,,,# #,9.11e+17,https://twitter.com/flashtechnology/status/910509640450035712,168,0
8,Flash Technology,flashtechnology,2018-04-17 12:01:00,1,5,Stop by to see Gary and Mark in booth 17! # stac2018https://twitter.com/STAC_CSPA/status/986271848936689664 ‚Ä¶,,,#,9.86e+17,https://twitter.com/flashtechnology/status/986273575769260033,109,0
9,Flash Technology,flashtechnology,2018-02-21 19:16:00,1,5,"Connor enjoyed discussing obstructed beacons and nesting this afternoon at # nateunite2018. If you missed it and want to learn more, please let us know. @ NATEsafety # nateunite # faalighting # gaylordopryland # nashvillepic.twitter.com/OLekrSwF5n",,@,# # # # #,9.66e+17,https://twitter.com/flashtechnology/status/966466587355119616,247,1
10,Flash Technology,flashtechnology,2018-05-21 16:41:00,1,5,"We had a great time visiting with golfers as they passed by our tee tent at @ NorthStoneClub @ WIAorg's @ ConnectX_USA golf outing today. If you're not already signed up for a private meeting on Tuesday or Wednesday, please let us know!pic.twitter.com/aBiNirGmxw",,@ @ @,,9.99e+17,https://twitter.com/flashtechnology/status/998665042814894080,262,1
11,Flash Technology,flashtechnology,2018-05-10 08:48:00,1,5,"Last day for exhibits at # utctnt in Palm Springs! Make sure to stop by booth 610 for a demo. Wade, Mitch and Ivor can also explain how # FAA EB 98 may impact your sites. # tnt2018 # utilitytelecom # infraredlightingpic.twitter.com/UC7yXysDtw",,,# # # # #,9.95e+17,https://twitter.com/flashtechnology/status/994559792965472256,242,1
12,Flash Technology,flashtechnology,2017-08-23 09:45:00,1,5,It's been a busy few weeks. Shipping has looked like this a lot lately. Thank you for the trust you clearly place in our team and products.pic.twitter.com/jA1OKThH9u,,,,9e+17,https://twitter.com/flashtechnology/status/900353213680844802,165,-1
13,Flash Technology,flashtechnology,2018-05-01 10:01:00,0,5,"Camaraderie. It‚Äôs what you find here at Flash, making it a # greatplacetowork. Just ask the folks celebrating a 10+ year # workanniversary! Michael - 17 yrs | Shawn - 15 yrs | Joe - 13 yrs | Tammi - 12 yrs | Scott - 10 yrs Michael's 2005 # selfie from atop an Idaho # windturbinepic.twitter.com/7dNZubIH6K",,,# # # #,9.91e+17,https://twitter.com/flashtechnology/status/991316661696389120,305,0
14,Flash Technology,flashtechnology,2018-03-07 11:44:00,0,5,"Gary Chiasson joins the panel for Towers: More Rules? New Rules? Better Rules?"" today at 11:45am Eastern in room N320EF at @ IWCEexpo. Can't make the session? Then be sure to stop by booth 1064 to see Gary and Jason for an in-person demo and a free shirt (while supplies last)!pic.twitter.com/SGXwQ51ft0""",,@,,9.71e+17,https://twitter.com/flashtechnology/status/971426421255168003,304,1
15,Flash Technology,flashtechnology,2018-02-07 11:26:00,2,4,"Bill often has his head in a piece of equipment. To train others, he needs to completely understand our # obstructionlighting systems. Need Flash LED training? Space is still available in both # NATEUNITE2018 classes. Sign up today: http://ow.ly/OBvo30iga48 @ NATEsafetypic.twitter.com/V9yzz63htN",,@,# #,9.61e+17,https://twitter.com/flashtechnology/status/961274942393323520,296,1
16,Flash Technology,flashtechnology,2018-02-28 11:19:00,2,4,Loved listening to # nate keynote speaker @ ESPNDrLou last week. # Positivity is always an asset. # nateunite2018 # wisdomwednesdaypic.twitter.com/1cbCAZ6E0l,,@,# # # #,9.69e+17,https://twitter.com/flashtechnology/status/968883375183458304,157,1
17,Sioux Falls Tower,SiouxFallsTower,2018-07-11 17:30:00,1,4,"Great to have our friends from Flash Technology at our new office and training center this afternoon. Always good to have folks drop by! PC: Connor Costello, Craig Snyder, Wade Collins # SFTower2018 # FlashTechnology pic.twitter.com/RHGTmzelqm",,,# #,1.02e+18,https://twitter.com/SiouxFallsTower/status/1017159302090551297,243,1
18,Sioux Falls Tower,SiouxFallsTower,2018-07-11 17:30:00,1,4,"Great to have our friends from Flash Technology at our new office and training center this afternoon. Always good to have folks drop by! PC: Connor Costello, Craig Snyder, Wade Collins # SFTower2018 # FlashTechnologypic.twitter.com/RHGTmzelqm",,,# #,1.02e+18,https://twitter.com/SiouxFallsTower/status/1017159302090551297,242,1
19,Flash Technology,flashtechnology,2017-12-21 10:05:00,1,4,One of the real joys of the holiday season is to say thank you and to wish you a New Year filled with peace and happiness. # happyholidays # merrychristmas # happynewyearpic.twitter.com/68TUOYTpnO,,,# # #,9.44e+17,https://twitter.com/flashtechnology/status/943859899364204544,196,1
20,Flash Technology,flashtechnology,2018-01-03 10:45:00,1,4,Happy # workanniversary to these great guys. Thank you for being integral parts of the Flash # workfamily for all these years! Kevin Kennemer ‚Äì 20 years |Freddy Camacho ‚Äì 15 years |Steve Slack ‚Äì 12 yearspic.twitter.com/7U1iOVPd4e,,,# #,9.49e+17,https://twitter.com/flashtechnology/status/948580988271104002,229,1
21,Flash Technology,flashtechnology,2017-11-30 10:35:00,1,4,Don't get stuck on site. Enroll in our new VIP or TLC # obstructionlight maintenance programs. http://ow.ly/fOSY30gRR96 # towerlighting # windturbine # celltowerpic.twitter.com/jFHDpedZAB,,,# # # #,9.36e+17,https://twitter.com/flashtechnology/status/936257288351944705,187,1
22,Flash Technology,flashtechnology,2017-09-14 10:25:00,1,4,Thanks to all of you that were able to stop by our client appreciation event at # MWCA17 Tuesday evening!pic.twitter.com/UnhufzauE2,,,#,9.08e+17,https://twitter.com/flashtechnology/status/908335822977552384,131,1
23,Flash Technology,flashtechnology,2017-11-30 10:35:00,1,4,Don't get stuck on site. Enroll in our new VIP or TLC # obstructionlight maintenance programs. http://ow.ly/fOSY30gRR96 # towerlighting # windturbine # celltowerpic.twitter.com/jFHDpedZAB,,,# # # #,9.36e+17,https://twitter.com/flashtechnology/status/936257288351944705,187,1
24,Sioux Falls Tower,SiouxFallsTower,2018-07-11 17:30:00,1,4,"Great to have our friends from Flash Technology at our new office and training center this afternoon. Always good to have folks drop by! PC: Connor Costello, Craig Snyder, Wade Collins # SFTower2018 # FlashTechnology pic.twitter.com/RHGTmzelqm",,,# #,1.02e+18,https://twitter.com/SiouxFallsTower/status/1017159302090551297,243,1
25,Flash Technology,flashtechnology,2018-07-12 10:31:00,0,4,"Thank you, Craig ( @ SiouxFallsTower), for giving Connor and Wade a tour of your corporate office and new state-of-the-art training center. Amazing! # towerclimber # towersafetypic.twitter.com/LHeQI0pYKX",,@,# #,1.02e+18,https://twitter.com/flashtechnology/status/1017416185015513088,203,1
26,Flash Technology,flashtechnology,2018-04-06 13:03:00,0,4,Wade and Amanda enjoyed @ talking_stickgc with @AZWirelessAssocand @ CrownCastle yesterday. The 11th annual charity # golftournament benefits @ DSNetworkAZ # givebackpic.twitter.com/zusfr2lTFk,,@ @AZWirelessAssocand @ @,# #,9.82e+17,https://twitter.com/flashtechnology/status/982302726389248000,192,1
27,Flash Technology,flashtechnology,2018-02-15 11:23:00,0,4,"Vanguard Medium FTS 370d is ready for # nateunite2018, as are Jared, Jason, Brooke and the rest of the team. Be sure to stop by booth 302 for a FREE moisture-wicking Flash crewneck! (First-come, first-served. While quantities last.) # nate # nateunitepic.twitter.com/aWwMi5DEE8",,,# # #,9.64e+17,https://twitter.com/flashtechnology/status/964173368399450113,277,1
28,Flash Technology,flashtechnology,2017-10-24 11:03:00,0,4,"Flash and friends at the AOWA 12th annual charity event last week, benefiting @ FoldsofHonor # flashabout # giveback # wirelesspic.twitter.com/WCabDTqrLa",,@,# # #,9.23e+17,https://twitter.com/flashtechnology/status/922841077488402432,153,0
29,Flash Technology,flashtechnology,2018-07-12 10:31:00,0,4,"Thank you, Craig ( @ SiouxFallsTower), for giving Connor and Wade a tour of your corporate office and new state-of-the-art training center. Amazing! # towerclimber # towersafetypic.twitter.com/LHeQI0pYKX",,@,# #,1.02e+18,https://twitter.com/flashtechnology/status/1017416185015513088,203,1
30,Emily Dresch,DreschEmily,2015-10-02 12:25:00,3,3,# MFGDay15 learning about tower lighting at Flash Technology @ williamson_incpic.twitter.com/lGztSMDzGa,,@,#,6.5e+17,https://twitter.com/DreschEmily/status/649983660754632705,103,0
31,Emily Dresch,DreschEmily,2015-10-02 12:25:00,3,3,# MFGDay15 learning about tower lighting at Flash Technology @ williamson_incpic.twitter.com/lGztSMDzGa,,@,#,6.5e+17,https://twitter.com/DreschEmily/status/649983660754632705,103,0
32,Cardwave,cardwave_svs,2014-10-06 06:55:00,3,3,Cardwave - making flash technology work for you - a light-hearted video: http://youtu.be/z26AsRTKjD4 via @ YouTube # video # flashtechnology,,@,# #,5.19e+17,https://twitter.com/cardwave_svs/status/519078384245014532,140,1
33,Flash Technology,flashtechnology,2018-01-11 10:00:00,2,3,"Ensuring your towers comply with FAA regs can be confusing. To help, we've launched a new lighting finder tool. Use your FCC Antenna Structure Registration info to find discover which Flash # obstructionlighting products may be appropriate for your site! http://ow.ly/Ik2i30hFJxF pic.twitter.com/J5suA76kw8",,,#,9.51e+17,https://twitter.com/flashtechnology/status/951468967260049409,306,1
34,Flash Technology,flashtechnology,2017-06-03 13:48:00,2,3,Flash's lone @ penguins fan tries to score on our @ PredsNHL goalie. Looking forward to home ice tonight! # StandWithUs # PitvsNsh # GoPredspic.twitter.com/eOLWKJOVDm,,@ @,# # #,8.71e+17,https://twitter.com/flashtechnology/status/871060944696332290,166,-1
35,Flash Technology,flashtechnology,2017-05-02 08:30:00,2,3,Don't forget to sign up for Thursday's # faalighting webinar! FREE for @ UTCNow members! (Reg works on desktop only.) http://ow.ly/tKSG30bhd4H pic.twitter.com/y1sc2n7DPF,,@,#,8.59e+17,https://twitter.com/flashtechnology/status/859384659523899393,169,1
36,Flash Technology,flashtechnology,2018-04-18 11:18:00,1,3,"Today is the last day of @ STAC_CSPA exhibits. Gary and Stewart ( @ CarmanahTech) are in booth #17, ready to discuss all your # CAR621 # obstaclelight needs. # STAC2018pic.twitter.com/crZsVgTCzs",,@ @,#17 # # #,9.87e+17,https://twitter.com/flashtechnology/status/986625034721558529,194,1
37,Flash Technology,flashtechnology,2018-01-24 15:04:00,1,3,"Last week, Flash joined @ CTI_Towers in the fanboni at the @ NEIAWireless ‚ÄúCrash the Glass‚Äù winter # fundraiser in Des Moines, IA. Benefitting @ ProjectHarmony2, an Omaha-based nonprofit encourages families to make proactive choices in protecting and safeguarding children.pic.twitter.com/BAZRihK0nG",,@ @ @,#,9.56e+17,https://twitter.com/flashtechnology/status/956256289570648065,299,0
38,Flash Technology,flashtechnology,2018-02-02 10:00:00,1,3,Thank you to these fine men who are celebrating more than 10 years with Flash! Mark Lane (18 years) | Jim Brown (18 years) | Randy Leggett (18 years) | Russ Bruner (11 years) This month's image is from Mark's 2008 site visit to @ FreeportLNG in @ cityof_freeport.pic.twitter.com/YaWgFKplph,,@ @,,9.59e+17,https://twitter.com/flashtechnology/status/959441445894742017,289,1
39,Flash Technology,flashtechnology,2017-09-13 11:54:00,1,3,Engineer Scott Fulton discusses # obstructionlighting & # engineeringcareers with # engineeringstudents at @ lipscomb this morning. # flashaboutpic.twitter.com/968qP1PmcD,,@,# # # #,9.08e+17,https://twitter.com/flashtechnology/status/907995944016216065,170,0
40,StorageCraft,StorageCraft,2018-04-24 17:20:00,0,3,"In the world of # technology, all-flash # storage is seen as being in the ivory tower & still the purview of high-end # primary # applications & larger companies. It's now time for # flash to become available to all # markets. Check out our full blog post here: http://okt.to/EcVIVF pic.twitter.com/m8DPWTwoZQ",,,# # # # # #,9.89e+17,https://twitter.com/StorageCraft/status/988890332732559361,309,1
41,Flash Technology,flashtechnology,2018-07-06 10:40:00,0,3,"North of Kabul, Bagram Airfield is the largest US military base in Afghanistan. Erected during the Cold War, the orig runway is a 10,000-ft long dual runway capable of handling any size military aircraft. Bagram AFB runways are marked with Flash's FTS 830 airport lighting system. pic.twitter.com/3SwiRby6jc",,,,1.02e+18,https://twitter.com/flashtechnology/status/1015244142304210944,307,-1
42,Flash Technology,flashtechnology,2018-06-25 11:05:00,0,3,Had a great time with @ al_wireless last week at their charity golf tourney at @ RTJOxmoorValley!pic.twitter.com/OXdNwXptbM,,@ @,,1.01e+18,https://twitter.com/flashtechnology/status/1011264038553227264,123,1
43,Flash Technology,flashtechnology,2018-01-15 10:25:00,0,3,"In memory of MLK, Jr. # mondaymotivation # climbhigherpic.twitter.com/LsHvlJXqUF",,,# #,9.53e+17,https://twitter.com/flashtechnology/status/952924636785922048,80,0
44,Flash Technology,flashtechnology,2018-06-06 10:56:00,0,3,"Forklift & pedestrian pathways. Padded rubber mats to reduce joint stress & electrical shock. Free # safety goggles. Regular training. We encourage # safepractices in # manufacturing. As a result, we‚Äôre 1 of 36 TN sites to earn # TOSHA Volunteer STAR cert! http://ow.ly/wVWM30kmPFj pic.twitter.com/Xy1RINChk6",,,# # # #,1e+18,https://twitter.com/flashtechnology/status/1004376399786856448,308,1
45,Flash Technology,flashtechnology,2018-01-16 10:00:00,0,3,"Snowy Tuesday here in Middle Tennessee. Wherever you are today, stay safe and warm! # snowday # winterwonderlandpic.twitter.com/RCh55wRmSO",,,# #,9.53e+17,https://twitter.com/flashtechnology/status/953280681152532480,138,1
46,Flash Technology,flashtechnology,2018-01-09 10:04:00,0,3,"Currently the 2nd widest bridge in the world, the @ PortMannBridge spans the # FraserRiver to connect cities within metro @ Vancouver British Columbia. The structure is lit by an FTB 225 xenon lighting system. : Dave with Cobra Electric # bridgelighting # obstructionlightingpic.twitter.com/DUTJky2s85",,@ @,# # #,9.51e+17,https://twitter.com/flashtechnology/status/950745090724593664,301,0
47,Flash Technology,flashtechnology,2017-10-19 10:26:00,0,3,"Awesome # airportlighting training class at @ FlyYQR in Regina, SK. Fly a lifesize # RCMP Sergeant Bullmoose to us in TN! # flashaboutpic.twitter.com/wdb7wm5EEp",,@,# # #,9.21e+17,https://twitter.com/flashtechnology/status/921019797705551872,160,1
48,Flash Technology,flashtechnology,2017-09-22 11:55:00,0,3,Fri-nally and Fall! Happy Fall and TGIF from your friends at Flash! pic.twitter.com/y5XBfnF3u2,,,,9.11e+17,https://twitter.com/flashtechnology/status/911257693536620545,94,1
49,Flash Technology,flashtechnology,2017-06-19 13:02:00,0,3,"Buying parts on Amazon is easier than going through email and dealing with P.O.'s."" Visit our Amazon storefront at http://ow.ly/jja530cIoQM""",,,,8.77e+17,https://twitter.com/flashtechnology/status/876847669565673472,140,0
50,Flash Technology,flashtechnology,2017-05-23 13:40:00,0,3,Loving @ AWEA # windpower2017 in beautiful @ City_of_Anaheim. Swing by booth 3609 for an FTS 370i or OL800 demo. # flashaboutpic.twitter.com/xZzSdczeug,,@ @,# #,8.67e+17,https://twitter.com/flashtechnology/status/867072724425785344,151,1
51,Flash Technology,flashtechnology,2017-05-22 18:35:00,0,3,The team had a great time on the links at @ RosenHotels today. A wonderful way to kick off # WIS2017! # flashaboutpic.twitter.com/d4VX2cYheB,,@,# #,8.67e+17,https://twitter.com/flashtechnology/status/866784500453302272,140,1
52,Flash Technology,flashtechnology,2016-10-14 10:50:00,0,3,Learning about # watts # candella and # lumens with # pagehighschool # williamson_inc # MFGDAY16 # ManufacturingDay # flashaboutpic.twitter.com/XOCUsboDav,,,# # # # # # # #,7.87e+17,https://twitter.com/flashtechnology/status/786942203214127104,154,0
53,Flash Technology,flashtechnology,2016-09-28 12:50:00,0,3,Gary is ready for # CANEW with an # FTS800 # airportbeacon - Let's discuss your # airportlighting or # heliportlighting needs!pic.twitter.com/BTZQmc9ZBy,,,# # # # #,7.81e+17,https://twitter.com/flashtechnology/status/781174145073618944,152,1
54,Flash Technology,flashtechnology,2018-07-06 10:40:00,0,3,"North of Kabul, Bagram Airfield is the largest US military base in Afghanistan. Erected during the Cold War, the orig runway is a 10,000-ft long dual runway capable of handling any size military aircraft. Bagram AFB runways are marked with Flash's FTS 830 airport lighting system. pic.twitter.com/3SwiRby6jc",,,,1.02e+18,https://twitter.com/flashtechnology/status/1015244142304210944,307,-1
55,Flash Technology,flashtechnology,2017-10-19 10:26:00,0,3,"Awesome # airportlighting training class at @ FlyYQR in Regina, SK. Fly a lifesize # RCMP Sergeant Bullmoose to us in TN! # flashaboutpic.twitter.com/wdb7wm5EEp",,@,# # #,9.21e+17,https://twitter.com/flashtechnology/status/921019797705551872,160,1
56,Flash Technology,flashtechnology,2016-09-28 12:50:00,0,3,Gary is ready for # CANEW with an # FTS800 # airportbeacon - Let's discuss your # airportlighting or # heliportlighting needs!pic.twitter.com/BTZQmc9ZBy,,,# # # # #,7.81e+17,https://twitter.com/flashtechnology/status/781174145073618944,152,1
57,Flash Technology,flashtechnology,2018-05-31 15:18:00,1,2,Cool treats from @ BradleysCreamry a hot day for our hardworking staff!pic.twitter.com/02U8kFHp0i,,@,,1e+18,https://twitter.com/flashtechnology/status/1002268070625398785,97,1
58,Flash Technology,flashtechnology,2018-05-08 10:45:00,1,2,". @ AWEA # WINDPOWER2018 exhibits are open! Stop by booth #3017 for a live demo of the FTS 370i, FTS 371 SMART OL2 and OL800. # windpower # windturbinelighting # windenergy # aweapic.twitter.com/dSMNtBFt7b",,@,# #3017 # # # #,9.94e+17,https://twitter.com/flashtechnology/status/993864531112701952,205,1
59,Flash Technology,flashtechnology,2017-08-11 09:45:00,1,2,"Flash is proud to support @ MusicMvmt, and thanks Amanda O'Connor and Wade Collins for representing the company at the event.pic.twitter.com/X0zaLs2xpA",,@,,8.96e+17,https://twitter.com/flashtechnology/status/896004640742965249,151,1
60,Spares in Motion,SparesinMotion,2014-10-29 05:52:00,0,2,Welcome tp SPX Flash Technology from the US with Aviation Warning Lights for # Windturbines on http://SparesInMotion.com http://bit.ly/ZZ84Fa,,,#,5.27e+17,https://twitter.com/SparesinMotion/status/527397553352892416,141,1
61,Flash Technology,flashtechnology,2018-06-27 13:00:00,0,2,Amusement park rides of a certain height are obstructions to be marked. And Flash is proud to have a Vanguard¬Æ Medium FTS 370d LED obstruction lighting system sitting atop the Cedar Point WindSeeker! Check out the ride & the light in action: https://youtu.be/CKJsRF-HeG8,,,,1.01e+18,https://twitter.com/flashtechnology/status/1012017825542803457,270,1
62,Flash Technology,flashtechnology,2017-12-28 10:20:00,0,2,Working on your New Year # resolutions? Keep in mind these wise words from # CSLewis . # HappyNewYear!pic.twitter.com/nwRwPf6c1v,,,# # #,9.46e+17,https://twitter.com/flashtechnology/status/946400508373295104,128,1
63,Flash Technology,flashtechnology,2018-06-22 10:59:00,0,2,"Despite their best efforts, our Tech Support team could not make this system flash at 30 flashes per minute. Houston, here‚Äôs your problem. pic.twitter.com/r3dWxHhvi7",,,,1.01e+18,https://twitter.com/flashtechnology/status/1010175326595534848,165,1
64,Flash Technology,flashtechnology,2018-02-20 15:41:00,0,2,Connor and Mitch are catching up on emails and orders while waiting on # nateunite2018 exhibits to open. Make sure to store by and see us in booth 302!pic.twitter.com/Eu3lrtApxJ,,,#,9.66e+17,https://twitter.com/flashtechnology/status/966050199629127689,177,1
65,Flash Technology,flashtechnology,2017-06-06 10:27:00,0,2,Should you refile under 1L? Understand the factors before deciding on a refile in the June issue of @ AGLMediaGrp.http://ow.ly/KADf30cmqug,,@,,8.72e+17,https://twitter.com/flashtechnology/status/872097718163976196,138,0
66,Flash Technology,flashtechnology,2017-05-18 13:13:00,0,2,Beautiful day for the @ CWAssociation 12th Annual Charity Golf Tournament at @ PinehurstResort # flashaboutpic.twitter.com/ymSdv8YaXS,,@ @,#,8.65e+17,https://twitter.com/flashtechnology/status/865253978035994624,133,1
67,Flash Technology,flashtechnology,2017-04-18 09:45:00,0,2,FREE FAA lighting webinar for @ UTCNow members on 5/4. Understand FAA lighting changes & get questions. Sign up at http://ow.ly/tMiW30aVOc7,,@,,8.54e+17,https://twitter.com/flashtechnology/status/854329987687731201,139,1
68,Flash Technology,flashtechnology,2017-03-08 13:10:00,0,2,MKR371 features an access port for easier wiring & accurate monitoring of flashing low-power markers in all weatherhttp://ow.ly/SWDc309I0BI,,,,8.4e+17,https://twitter.com/flashtechnology/status/839538750837383168,139,1
69,Flash Technology,flashtechnology,2017-02-14 10:17:00,0,2,"How do our lighting systems feel after a good install? Happy Valentines Day, friends!pic.twitter.com/NPz3r95rFm",,,,8.32e+17,https://twitter.com/flashtechnology/status/831522751760437248,111,1
70,Flash Technology,flashtechnology,2016-06-06 09:45:00,0,2,A little # MotivationMonday for # TowerClimbers everywhere!pic.twitter.com/aAcUV6IJP9,,,# #,7.4e+17,https://twitter.com/flashtechnology/status/739815408585314304,85,-1
71,Flash Technology,flashtechnology,2018-03-29 12:12:00,0,2,12 # USAF # KC135 # Stratotankers assigned to the 100th Air Refueling Wing taxi down the runway at # rafmildenhall. This # elephantwalk demonstrates the readiness to provide global air refueling support at short notice. RAF Mildenhall employs our FTS 800 # ALSF. # airportlighting pic.twitter.com/7Tbsf1pWqf,,,# # # # # # #,9.79e+17,https://twitter.com/flashtechnology/status/979390737178681344,307,-1
72,Spares in Motion,SparesinMotion,2014-10-29 05:52:00,0,2,Welcome tp SPX Flash Technology from the US with Aviation Warning Lights for # Windturbines on http://SparesInMotion.com http://bit.ly/ZZ84Fa,,,#,5.27e+17,https://twitter.com/SparesinMotion/status/527397553352892416,141,1
73,Lance Jepsen,lancejepsen,2017-06-11 13:08:00,3,1,7 Minutes of Horror From Friday's Flash Crash In Technology $ SPX $ SPY # nasdaq # stockmarket # stocktrading https://goo.gl/kygzZ9 pic.twitter.com/zMZfONGfCw,,,# # #,8.74e+17,https://twitter.com/lancejepsen/status/873950068839129088,158,0
74,Flash Technology,flashtechnology,2018-04-24 10:00:00,2,1,"Do you service xenon lighting equipment? Ever replaced a timing and trigger board, and didn't know how to program it? If this sounds like you, check out our latest Flash University video. Bill walks us through the process using Tech Eagle. https://youtu.be/BjM_-pBDVAo",,,,9.89e+17,https://twitter.com/flashtechnology/status/988779733352632320,268,1
75,Corus360,Corus360,2013-03-28 11:09:00,1,1,Flash Technology explained in less than 5 minutes! http://www.emc.com/collateral/demos/microsites/mediaplayer-video/flash-technology-emc.htm ‚Ä¶ # EMC # FlashTechnology,,,# #,3.17e+17,https://twitter.com/Corus360/status/317292356154040321,166,-1
76,Flash Technology,flashtechnology,2016-08-22 11:21:00,1,1,Coming to @ CTIAShows? Visit us in booth 4548 if you have questions on # FAA AC 70-7460-1L or lighting reqs on structures below 200‚Ä≤ AGL.,,@,#,7.68e+17,https://twitter.com/flashtechnology/status/767743399986204672,137,0
77,Flash Technology,flashtechnology,2016-05-19 09:28:00,1,1,Looking forward to seeing everyone next week at @PCIA in Dallas! # wishow,,@PCIA,#,7.33e+17,https://twitter.com/flashtechnology/status/733288237569990657,73,0
78,Corus360,Corus360,2013-03-28 11:09:00,1,1,Flash Technology explained in less than 5 minutes! http://www.emc.com/collateral/demos/microsites/mediaplayer-video/flash-technology-emc.htm ‚Ä¶ # EMC # FlashTechnology,,,# #,3.17e+17,https://twitter.com/Corus360/status/317292356154040321,166,-1
79,Flash Technology,flashtechnology,2018-07-11 11:18:00,0,1,Discover best practices for installing the Vanguard¬Æ Medium FTS 370d obstruction lighting system.https://youtu.be/fWKAkd0oLZU,,,,1.02e+18,https://twitter.com/flashtechnology/status/1017065550650933248,125,1
80,Michael Smith,LIGHTINGAGENT,2017-05-20 14:13:00,0,1,"Global LED Obstruct Lighting Market-Flash Technology (SPX), Obelux, Dialight, TRANBERG - Publicist Report - Market Research News by Market.‚Ä¶",,,,8.66e+17,https://twitter.com/LIGHTINGAGENT/status/865993821888405504,140,0
81,ZipRecruiter Jobs,ZRJobs,2015-12-28 13:48:00,0,1,"SPX Flash Technology is # hiring Regional Sales Manager in Franklin, TN http://ziprecruiter.com/tj/ebdda538 # jobs # Franklin # Sales # BizDev",,,# # # # #,6.82e+17,https://twitter.com/ZRJobs/status/681547377031950341,142,0
82,Flash Technology,flashtechnology,2018-07-11 11:18:00,0,1,Discover best practices for installing the Vanguard¬Æ Medium FTS 370d obstruction lighting system. https://youtu.be/fWKAkd0oLZU,,,,1.02e+18,https://twitter.com/flashtechnology/status/1017065550650933248,126,1
83,Genesis Lamp,GenesisLampCorp,2017-10-12 15:34:00,0,1,Flash Technology‚Äôs Vanguard LED obstruction lighting system http://sumo.ly/HdLt via @ Windpower_Eng,,@,,9.19e+17,https://twitter.com/GenesisLampCorp/status/918560423028383746,99,0
84,Healthy 44 Care,H44Care,2018-01-11 11:26:00,0,1,Flash Technology FTB324-3 Tower light system FAA L-864/L-865 FH324 strobe/LED http://leto.steinstone.info/US/categories/twt/?item=332517299266 ‚Ä¶,,,,9.51e+17,https://twitter.com/H44Care/status/951490461616754688,144,1
85,Patricia W. Adam,patriciawadam,2017-03-26 15:20:00,0,1,Tower Lighting !!!! Vanguard Led Series By Flash Technology FTS 370d https://goo.gl/fb/UEKBlT,,,,8.46e+17,https://twitter.com/patriciawadam/status/846079320384716800,93,0
86,Tech Daily,TechDailyNow,2016-02-18 02:26:00,0,1,Eiffel Tower Flash Drive (8 GB) where can I buy this? - # tech # technews # technology http://techdaily.xyz/eiffel-tower-flash-drive-8-gb-where-can-i-buy-this/ ‚Ä¶pic.twitter.com/4mnQxLn7x6,,,# # #,7e+17,https://twitter.com/TechDailyNow/status/700219876678463488,187,0
87,Patricia W. Adam,patriciawadam,2017-03-26 15:20:00,0,1,Tower Lighting !!!! Vanguard Led Series By Flash Technology FTS 370d https://goo.gl/fb/UEKBlT,,,,8.46e+17,https://twitter.com/patriciawadam/status/846079320384716800,93,0
88,Michael Smith,LIGHTINGAGENT,2017-05-20 14:13:00,0,1,"Global LED Obstruct Lighting Market-Flash Technology (SPX), Obelux, Dialight, TRANBERG - Publicist Report - Market Research News by Market.‚Ä¶",,,,8.66e+17,https://twitter.com/LIGHTINGAGENT/status/865993821888405504,140,0
89,Flash Technology,flashtechnology,2018-06-19 11:08:00,0,1,SET IT & FORGET IT with the Vanguard¬Æ Inclusive Program (VIP): - Capital expense model ‚Äî no operating expenses -Predictable budgeting ‚Äî one-time flat rate fee -For new & existing Vanguard lighting systems -5-year parts & labor warranty on new systems http://ow.ly/QjwL30kzcfG pic.twitter.com/R5mDpWajgZ,,,,1.01e+18,https://twitter.com/flashtechnology/status/1009090589848203264,302,1
90,Flash Technology,flashtechnology,2018-04-09 10:10:00,0,1,Obstruction lighting systems ship with a variety of tape. Ensure you understand why and how to properly secure cables to the tower using the 2-3-4 tape method.https://youtu.be/PLGOeuxTP4U,,,,9.83e+17,https://twitter.com/flashtechnology/status/983346449810259970,187,1
91,Flash Technology,flashtechnology,2017-08-14 11:05:00,0,1,BKK was the world's most popular Instagram photo site in 2012. Bet none of them captured our FTS 800 though!http://ow.ly/tY5T30elGgR,,,,8.97e+17,https://twitter.com/flashtechnology/status/897111863535828992,132,1
92,Flash Technology,flashtechnology,2017-04-05 11:48:00,0,1,Bill shows us how to identify failures in the FTB 324x high voltage circuit using three isolation steps. https://youtu.be/RewYWt6hDjA # flashabout,,,#,8.5e+17,https://twitter.com/flashtechnology/status/849650077324922883,146,1
93,Flash Technology,flashtechnology,2017-02-02 11:18:00,0,1,Enjoyed spending time with # teammillerco at a recent 2-day # flashuniversity individual certification class. # flashaboutpic.twitter.com/8ScsBxvhBV,,,# # #,8.27e+17,https://twitter.com/flashtechnology/status/827189571091841025,148,1
94,Flash Technology,flashtechnology,2017-01-12 16:15:00,0,1,Excited to host @ NATEsafety FREE fall prevention training on 3/9. Register at http://ow.ly/7ABS307WNI8 # knowsafetynoaccidents # towerclimber,,@,# #,8.2e+17,https://twitter.com/flashtechnology/status/819653982876561410,142,1
95,Flash Technology,flashtechnology,2016-12-25 07:55:00,0,1,Thank you for your friendship and business. We hope you have the happiest of holidays!pic.twitter.com/yknv0TfySh,,,,8.13e+17,https://twitter.com/flashtechnology/status/813005169046786048,112,0
96,Flash Technology,flashtechnology,2016-09-22 10:10:00,0,1,Thanks to all of you that were able to stop by our # summerof69 client appreciation event at # supermobility last week!pic.twitter.com/obhBRuZY6B,,,# #,7.79e+17,https://twitter.com/flashtechnology/status/778959682530643969,145,1
97,Flash Technology,flashtechnology,2016-09-20 14:58:00,0,1,We are proud to announce that Field Services is now certified by the NATE STAR initiative!http://ow.ly/ZdOL304oFNU,,,,7.78e+17,https://twitter.com/flashtechnology/status/778307342773391362,114,1
98,Flash Technology,flashtechnology,2016-08-17 06:25:00,0,1,EMI issues on comm towers can be difficult to troubleshoot. Good install habits are the best preventative measure.http://ow.ly/8SyG303gnkK,,,,7.66e+17,https://twitter.com/flashtechnology/status/765856999896707072,138,1
99,Flash Technology,flashtechnology,2016-07-29 14:25:00,0,1,Our new website will launch soon! And we'll continue to launch more features to better serve you incoming months.pic.twitter.com/DcIIAJPXQx,,,,7.59e+17,https://twitter.com/flashtechnology/status/759092605497987073,139,1
100,Healthy 44 Care,H44Care,2018-01-11 11:26:00,0,1,Flash Technology FTB324-3 Tower light system FAA L-864/L-865 FH324 strobe/LED http://leto.steinstone.info/US/categories/twt/?item=332517299266 ‚Ä¶,,,,9.51e+17,https://twitter.com/H44Care/status/951490461616754688,144,1
101,üá∫üá∏U.S. Flash Feedüá∫üá∏,Flash_Feed,2016-06-22 22:44:00,0,1,FAA Finalizes Rules For Hobbyist and Commercial Drone Flight | Flash Technology News http://fb.me/4RINWpGHx,,,,7.46e+17,https://twitter.com/Flash_Feed/status/745809630039785473,107,0
102,Flash Technology,flashtechnology,2018-07-11 11:18:00,0,1,Discover best practices for installing the Vanguard¬Æ Medium FTS 370d obstruction lighting system. https://youtu.be/fWKAkd0oLZU,,,,1.02e+18,https://twitter.com/flashtechnology/status/1017065550650933248,126,1
103,Genesis Lamp,GenesisLampCorp,2017-10-12 15:34:00,0,1,Flash Technology‚Äôs Vanguard LED obstruction lighting system http://sumo.ly/HdLt via @ Windpower_Eng,,@,,9.19e+17,https://twitter.com/GenesisLampCorp/status/918560423028383746,99,0
104,Patricia W. Adam,patriciawadam,2017-03-26 15:20:00,0,1,Tower Lighting !!!! Vanguard Led Series By Flash Technology FTS 370d https://goo.gl/fb/UEKBlT,,,,8.46e+17,https://twitter.com/patriciawadam/status/846079320384716800,93,0
105,Flash Technology,flashtechnology,2018-04-10 10:00:00,0,1,"Stop by booth C2457 at @ NABShow to learn about Vanguard FTS 270, our new high intensity L-856/L-864 LED lighting solution. We'll be here 9am-6pm today and tomorrow, and 9am-2pm on Thursday. # nabshow # towerlighting # broadcastpic.twitter.com/c0kWjagvWS",,@,# # #,9.84e+17,https://twitter.com/flashtechnology/status/983706403046117376,254,1
106,Flash Technology,flashtechnology,2018-04-09 10:10:00,0,1,Obstruction lighting systems ship with a variety of tape. Ensure you understand why and how to properly secure cables to the tower using the 2-3-4 tape method. https://youtu.be/PLGOeuxTP4U,,,,9.83e+17,https://twitter.com/flashtechnology/status/983346449810259970,188,1
107,Flash Technology,flashtechnology,2017-06-28 10:46:00,0,1,"The FTS 371 LED system is ideal for red only telecom, utility & MET tower lighting. Walk through the features. https://youtu.be/f8tmbKlSzX8",,,,8.8e+17,https://twitter.com/flashtechnology/status/880074986504966145,139,1
108,Flash Technology,flashtechnology,2017-06-15 12:40:00,0,1,3.5 million lbs steel + 15 million lbs concrete + FTB 225 lighting system = # Sutro Tower http://ow.ly/LV0Y30cCt6O # flashabout # sanfrancisco,,,# # #,8.75e+17,https://twitter.com/flashtechnology/status/875392475073888257,142,1
109,Flash Technology,flashtechnology,2017-10-11 10:13:00,0,1,. @ Whiteman_AFB is home to the # B2 Spirit Stealth Bomber & an FTS 800 # airportlighting system. # flashabout # 509thbw # followuspic.twitter.com/Zc6wGrubxF,,@,# # # # #,9.18e+17,https://twitter.com/flashtechnology/status/918117319238230016,157,0
110,Flash Technology,flashtechnology,2018-07-11 11:18:00,0,1,Discover best practices for installing the Vanguard¬Æ Medium FTS 370d obstruction lighting system.https://youtu.be/fWKAkd0oLZU,,,,1.02e+18,https://twitter.com/flashtechnology/status/1017065550650933248,125,1
111,Flash Technology,flashtechnology,2018-07-11 11:18:00,0,1,Discover best practices for installing the Vanguard¬Æ Medium FTS 370d obstruction lighting system. https://youtu.be/fWKAkd0oLZU,,,,1.02e+18,https://twitter.com/flashtechnology/status/1017065550650933248,126,1
112,Patricia W. Adam,patriciawadam,2017-03-26 15:20:00,0,1,Tower Lighting !!!! Vanguard Led Series By Flash Technology FTS 370d https://goo.gl/fb/UEKBlT,,,,8.46e+17,https://twitter.com/patriciawadam/status/846079320384716800,93,0
113,Michael Smith,LIGHTINGAGENT,2017-05-20 14:13:00,0,1,"Global LED Obstruct Lighting Market-Flash Technology (SPX), Obelux, Dialight, TRANBERG - Publicist Report - Market Research News by Market.‚Ä¶",,,,8.66e+17,https://twitter.com/LIGHTINGAGENT/status/865993821888405504,140,0
114,ZipRecruiter Jobs,ZRJobs,2015-12-28 13:48:00,0,1,"SPX Flash Technology is # hiring Regional Sales Manager in Franklin, TN http://ziprecruiter.com/tj/ebdda538 # jobs # Franklin # Sales # BizDev",,,# # # # #,6.82e+17,https://twitter.com/ZRJobs/status/681547377031950341,142,0
115,Michael Smith,LIGHTINGAGENT,2017-05-20 14:13:00,0,1,"Global LED Obstruct Lighting Market-Flash Technology (SPX), Obelux, Dialight, TRANBERG - Publicist Report - Market Research News by Market.‚Ä¶",,,,8.66e+17,https://twitter.com/LIGHTINGAGENT/status/865993821888405504,140,0
116,Patricia W. Adam,patriciawadam,2017-03-26 15:20:00,0,1,Tower Lighting !!!! Vanguard Led Series By Flash Technology FTS 370d https://goo.gl/fb/UEKBlT,,,,8.46e+17,https://twitter.com/patriciawadam/status/846079320384716800,93,0
117,Flash Technology,flashtechnology,2018-07-11 11:18:00,0,1,Discover best practices for installing the Vanguard¬Æ Medium FTS 370d obstruction lighting system. https://youtu.be/fWKAkd0oLZU,,,,1.02e+18,https://twitter.com/flashtechnology/status/1017065550650933248,126,1
118,Genesis Lamp,GenesisLampCorp,2017-10-12 15:34:00,0,1,Flash Technology‚Äôs Vanguard LED obstruction lighting system http://sumo.ly/HdLt via @ Windpower_Eng,,@,,9.19e+17,https://twitter.com/GenesisLampCorp/status/918560423028383746,99,0
119,CNBC Top Stories,CNBCTopStories,2012-09-20 15:48:00,2,0,Flash Crash Part 2 Could Come at Any Time: Analyst http://bit.ly/P3B43X $.SPX $ SPY # Technology # StockMarket # PoliticsGovernment # Internet,,,# # # #,2.49e+17,https://twitter.com/CNBCTopStories/status/248871158534004737,142,0
120,CNBC Top Stories,CNBCTopStories,2012-09-20 15:48:00,2,0,Flash Crash Part 2 Could Come at Any Time: Analyst http://bit.ly/P3B43X $.SPX $ SPY # Technology # StockMarket # PoliticsGovernment # Internet,,,# # # #,2.49e+17,https://twitter.com/CNBCTopStories/status/248871158534004737,142,0
121,AGL Media Group,AGLMediaGrp,2012-10-18 16:55:00,1,0,Flash Technology unveils a new innovation in obstruction lighting. http://j.mp/VfSjGf,,,,2.59e+17,https://twitter.com/AGLMediaGrp/status/259034926698094595,85,1
122,AGL Media Group,AGLMediaGrp,2012-10-18 16:55:00,1,0,Flash Technology unveils a new innovation in obstruction lighting. http://j.mp/VfSjGf,,,,2.59e+17,https://twitter.com/AGLMediaGrp/status/259034926698094595,85,1
123,Flash Technology,flashtechnology,2018-07-17 15:05:00,0,0,The FTB 205 high intensity xenon tower lighting system now ships with a new coupling transformer assembly. Integrating couplers increases the reliability of the lighting system by improving tube and trigger performance. Instruction sheet and manual at http://ow.ly/blXD30kZQjZ pic.twitter.com/mmrl4tUqeB,,,,1.02e+18,https://twitter.com/flashtechnology/status/1019296983201091584,303,1
124,BYUEnglishInternship,BYUEnglintern,2017-03-28 16:51:00,0,0,Apply before Apr 16 for a technical writing # internship with IM Flash Technologies. @ flashtechnology # writing http://englishinternships.byu.edu/?p=1607 pic.twitter.com/kCud4FW864,,@,# #,8.47e+17,https://twitter.com/BYUEnglintern/status/846827231003389952,181,0
125,DataGroup Asia,DataGroupAsia,2015-05-26 16:34:00,0,0,Flash Technology http://dg-di.cn/DG/11/7793.htm # FlashTechnology # UnitedStates # TacticalStrategic # Report # Corporate # Profit # Loss # Company,,,# # # # # # # #,6.03e+17,https://twitter.com/DataGroupAsia/status/603298103895142400,147,0
126,Flash Technology,flashtechnology,2011-10-10 16:36:00,0,0,"Flash Technology will be at AWEA Offshore tomorrow, will we see you? http://conta.cc/ozEeST # constantcontact",,,#,1.23e+17,https://twitter.com/flashtechnology/status/123497156119232512,109,0
127,Flash Technology,flashtechnology,2011-09-22 17:34:00,0,0,Flash Technology will be at CANWEA http://conta.cc/nWmLkd # constantcontact,,,#,1.17e+17,https://twitter.com/flashtechnology/status/116988879952818176,75,0
128,Flash Technology,flashtechnology,2011-09-22 09:41:00,0,0,Flash Technology wants to see you at PCIA http://conta.cc/rqUcoM # constantcontact,,,#,1.17e+17,https://twitter.com/flashtechnology/status/116869737157369857,82,1
129,Flash Technology,flashtechnology,2011-06-24 10:26:00,0,0,Light the Wind - News from Flash Technology http://conta.cc/jazpvK via # constantcontact,,,#,8.43e+16,https://twitter.com/flashtechnology/status/84266162405376000,88,1
130,Flash Technology,flashtechnology,2011-05-19 16:51:00,0,0,Flash Technology Launches New DC-powered Meteorological Ligh... http://conta.cc/jehb9S via # constantcontact,,,#,7.13e+16,https://twitter.com/flashtechnology/status/71317071178375168,108,1
131,Flash Technology,flashtechnology,2011-05-09 13:26:00,0,0,Flash Technology at Windpower 2011 http://conta.cc/knZ9JI via # constantcontact,,,#,6.76e+16,https://twitter.com/flashtechnology/status/67641613173784578,79,0
132,Flash Technology,flashtechnology,2010-10-25 07:01:00,0,0,"Flash Technology @CANWEA¬ís Annual Conference & Expo, November 1-3 Montreal, Quebec ... http://conta.cc/bxRflz via # constantcontact",,@CANWEA,#,28679740083.0,https://twitter.com/flashtechnology/status/28679740083,131,0
133,ArticlesMagic Plus!,ArticlesMP,2010-09-30 05:06:00,0,0,Ignoring # PDF to Flash Technology can be a huge mistake http://goo.gl/fb/G3wzC # businessesonline # flashtechnology,,,# # #,25963114730.0,https://twitter.com/ArticlesMP/status/25963114730,116,1
134,Flash Technology,flashtechnology,2010-09-28 06:02:00,0,0,"Come see Flash Technology's at AWEA Offshore Oct 5-7 in Atlantic City, NJ.... http://conta.cc/bFraAY via # constantcontact",,,#,25771206937.0,https://twitter.com/flashtechnology/status/25771206937,122,0
135,Flash Technology,flashtechnology,2010-09-07 07:03:00,0,0,Flash Technology's advanced MET tower lighting solutions wil... http://conta.cc/cyVKGo via # constantcontact,,,#,23227725515.0,https://twitter.com/flashtechnology/status/23227725515,108,1
136,People Exclusive,PeoplExclusive,2018-07-18 07:24:00,0,0,"Global LED Obstruct Lighting Market Current and Future Prospect by 2023: Avlite, Dialight, Flash Technology (SPX) and Hughey & Phillips https://peopleexclusive.com/global-led-obstruct-lighting-market-current-and-future-prospect-challenges/ ‚Ä¶",,,,1.02e+18,https://twitter.com/PeoplExclusive/status/1019543385617633280,241,0
137,Loot Mountain,LootMountain,2018-05-08 04:41:00,0,0,"... Delta Box, Shenzhen Xingbiao, OBSTA, Orga Aviation, Holland Aviation, Shenzhen Ruibu, International Tower Lighting, Flash Technology ( SPX ), Dialight, Obelux, Hubbell Incorporated and Cooper Industries. LED O .. https://www.google.com/url?rct=j&sa=t&url=https://theanalystfinancial.com/191279/led-obstruct-lighting-market-development-by-2023-hughey-phillips-avlite-dialight-and-flash-technology-spx/&ct=ga&cd=CAIyHDAxNGFjNDI5ZGFjY2I1ODM6Y29tOmVuOlVTOlI&usg=AFQjCNE7BeEQefSlaE9bWdvgVHxM8TcAYA ‚Ä¶",,,,9.94e+17,https://twitter.com/LootMountain/status/993772751621156864,498,0
138,IT Jobs Tennessee,ITTennessee,2018-01-16 04:08:00,0,0,"Tech Support Analyst: Job Summary About Flash Technology Flash Technology, an SPX Corporation business, provides certified FAA obstruction lighting systems, tower lights, and monitoring equipment to the telecom,‚Ä¶ http://tw.eet.link/QBPwn0 # IT # job # hiring # IT # techjob # ITJob",,,# # # # # #,9.53e+17,https://twitter.com/ITTennessee/status/953192118071148544,281,0
139,Global LEDsOLEDs,GlobalLEDsOLEDs,2017-05-02 08:14:00,0,0,"Global Medium Intensity LED Obstruct Light Market 2017 - Dialight, Avlite, Flash Technology (SPX), Orga Aviation,... http://fb.me/ypmmQSEf",,,,8.59e+17,https://twitter.com/GlobalLEDsOLEDs/status/859380595238907904,138,1
140,D. Pryor,TheOriginator23,2015-08-06 13:40:00,0,0,SPX Flash Technology is doing a great job so far lol. Gave me a birthday‚Ä¶ https://instagram.com/p/6DPdm8RQL9Yovy35RT_wnDkQl_W7Ho7V2dfK40/ ‚Ä¶,,,,6.29e+17,https://twitter.com/TheOriginator23/status/629346381371699200,139,1
141,SPX FLOW,SPXFlow,2015-04-17 05:01:00,0,0,SPX flash technology provides an insight into international regulations for aviation obstruction lighting: http://ow.ly/LxMBG,,,,5.89e+17,https://twitter.com/SPXFlow/status/588990681865134080,125,0
142,Intensity Jobs,intensityjobs,2013-12-18 07:37:00,0,0,"Product Support Manager: TN-Nashville, Business Unit Description Flash Technology, an SPX brand, has been... http://dlvr.it/4XJh9S",,,,4.13e+17,https://twitter.com/intensityjobs/status/413286910778294272,130,0
143,jane west,westy1287,2012-10-04 11:56:00,0,0,"Flash Technology | SPX: Obstruction Lighting For Utilities, Broadcast, and Catenary. Flash Technology provides l... http://bit.ly/QvQ63Q",,,,2.54e+17,https://twitter.com/westy1287/status/253886266234503168,136,0
144,Bill Moore,TheSolarTech,2009-06-22 11:49:00,0,0,"Flash Technology To Provide Lighting For John Deere Wind Energy: based Flash Technology, an SPX subsidiary, has committe http://url4.eu/18RD",,,,2280426176.0,https://twitter.com/TheSolarTech/status/2280426176,140,0
145,Jobs in Tennessee,Tenn_HR,2017-12-24 08:00:00,0,0,"Tech Support Analyst: Job Summary About Flash Technology Flash Technology, an SPX Corporation business, provides certified FAA obstruction lighting systems, tower lights, and monitoring equipment to the telecom,‚Ä¶ http://tw.eet.link/Q7Qgz0 # IT # job # hiring # IT # techjob # ITJob",,,# # # # # #,9.45e+17,https://twitter.com/Tenn_HR/status/944915582415073280,281,0
146,Jordan Hayes,publicistreport,2017-05-15 07:37:00,0,0,"Global LED Obstruct Lighting Market-Flash Technology (SPX), Obelux, Dialight, TRANBERG http://publicistreport.com/electronics/global-led-obstruct-lighting-market.html ‚Ä¶",,,,8.64e+17,https://twitter.com/publicistreport/status/864082313776443392,168,0
147,TechAnnouncer,TechAnnouncer,2017-04-14 07:57:00,0,0,"Global LED Obstruct Lighting Market 2017 - Carmanah Technologies, Hughey & Phillips, Dialight, Flash Technology (SPX), Avlite, Orga Aviat... pic.twitter.com/iBtnSUF3bN",,,,8.53e+17,https://twitter.com/TechAnnouncer/status/852853426711130112,167,0
148,RandomURL,RandomURL,2012-10-04 12:26:00,0,0,"Flash Technology | SPX: Obstruction Lighting For Utilities, Broadcast, and Catenary. Flash Technology provides l... http://bit.ly/T5Rw92",,,,2.54e+17,https://twitter.com/RandomURL/status/253893816828981248,136,0
149,corkyd,corkyd,2018-07-17 07:10:00,0,0,FLASH TECHNOLOGY TOWER SAFETY OBSTRUCTION LIGHTING Radio Cell Light Assembly Best Ever ! # towersafety # safetylighting # safetytechnologyhttps://ebay.to/2zF8BmL,,,# # #,1.02e+18,https://twitter.com/corkyd/status/1019177626735398918,161,1
150,BigBox Power,BigboxPower,2018-06-21 04:48:00,0,0,Flash Technology - FTS 371 DC - A1 Towers - Red Obstruction Lighting System https://goo.gl/qHxmpY pic.twitter.com/TpTEV1Fqtd,,,,1.01e+18,https://twitter.com/BigboxPower/status/1009719793329598470,124,0
151,Outstanding Coins,OutstandingCoi,2018-04-19 15:26:00,0,0,Flash Technology PC310 Power Converter FAA Obstruction Lighting http://amordad.steinstone.info/US/categories/twt/?item=232739917010 ‚Ä¶,,,,9.87e+17,https://twitter.com/OutstandingCoi/status/987049760648585216,133,0
152,IT Jobs Tennessee,ITTennessee,2017-12-29 07:14:00,0,0,"Tech Support Analyst: Job Summary About Flash Technology Flash Technology, an SPX Corporation business, provides certified FAA obstruction lighting systems, tower lights, and monitoring equipment to the telecom,‚Ä¶ http://tw.eet.link/Q84GkJ # IT # job # hiring # IT # techjob # ITJob",,,# # # # # #,9.47e+17,https://twitter.com/ITTennessee/status/946715952686686208,281,0
153,Patricia W. Adam,patriciawadam,2017-03-21 04:43:00,0,0,FLASH TECHNOLOGY FH3620-2 TOWER SAFETY LED OBSTRUCTION LIGHTING Radio https://goo.gl/fb/sJvlhb,,,,8.44e+17,https://twitter.com/patriciawadam/status/844107067380158464,94,0
154,Patricia W. Adam,patriciawadam,2017-02-27 02:04:00,0,0,FLASH TECHNOLOGY FH 308 STROBE TOWER OBSTRUCTION LIGHTING https://goo.gl/fb/P9bqYS,,,,8.36e+17,https://twitter.com/patriciawadam/status/836109791772741634,82,0
155,Patricia W. Adam,patriciawadam,2017-02-11 13:58:00,0,0,Flash Technology FH 3620 FH3620 LED Medium Intensity Obstruction Lighting System https://goo.gl/fb/HMtH52,,,,8.3e+17,https://twitter.com/patriciawadam/status/830491260934828032,105,0
156,Chris Young,Norsunenergy,2016-04-29 10:19:00,0,0,"Flash Technology Enhances Remote-Monitoring Solutions For Obstruction Lighting http://ift.tt/1rEV3iv Franklin, Tenn.-based Flash Techno‚Ä¶",,,,7.26e+17,https://twitter.com/Norsunenergy/status/726053332020789248,136,-1
157,SPX FLOW,SPXFlow,2015-04-17 05:01:00,0,0,SPX flash technology provides an insight into international regulations for aviation obstruction lighting: http://ow.ly/LxMBG,,,,5.89e+17,https://twitter.com/SPXFlow/status/588990681865134080,125,0
158,jane west,westy1287,2012-10-04 11:56:00,0,0,"Flash Technology | SPX: Obstruction Lighting For Utilities, Broadcast, and Catenary. Flash Technology provides l... http://bit.ly/QvQ63Q",,,,2.54e+17,https://twitter.com/westy1287/status/253886266234503168,136,0
159,corkyd,corkyd,2018-07-15 07:08:00,0,0,FLASH TECHNOLOGY TOWER SAFETY OBSTRUCTION LIGHTING Radio Cell Light Assembly Best Ever ! # towersafety # safetylighting # safetytechnologyhttps://ebay.to/2zF8BmL,,,# # #,1.02e+18,https://twitter.com/corkyd/status/1018452315089588225,161,1
160,Jobs in Tennessee,Tenn_HR,2017-12-24 08:00:00,0,0,"Tech Support Analyst: Job Summary About Flash Technology Flash Technology, an SPX Corporation business, provides certified FAA obstruction lighting systems, tower lights, and monitoring equipment to the telecom,‚Ä¶ http://tw.eet.link/Q7Qgz0 # IT # job # hiring # IT # techjob # ITJob",,,# # # # # #,9.45e+17,https://twitter.com/Tenn_HR/status/944915582415073280,281,0
161,Patricia W. Adam,patriciawadam,2017-02-23 09:20:00,0,0,FLASH TECHNOLOGY FH 3620-2 TOWER SAFETY LED OBSTRUCTION LIGHTING https://goo.gl/fb/mhD2vZ,,,,8.35e+17,https://twitter.com/patriciawadam/status/834769933435297792,89,0
162,RandomURL,RandomURL,2012-10-04 12:26:00,0,0,"Flash Technology | SPX: Obstruction Lighting For Utilities, Broadcast, and Catenary. Flash Technology provides l... http://bit.ly/T5Rw92",,,,2.54e+17,https://twitter.com/RandomURL/status/253893816828981248,136,0
163,Tennessee Recruiter,TennesseeHiring,2017-12-30 15:50:00,0,0,"Tech Support Analyst: Job Summary About Flash Technology Flash Technology, an SPX Corporation business, provides certified FAA obstruction lighting systems, tower lights, and monitoring equipment to the telecom,‚Ä¶ http://tw.eet.link/Q8FT4j # tech # job # IT # IT # techjob # ITJob",,,# # # # # #,9.47e+17,https://twitter.com/TennesseeHiring/status/947208182723633153,279,0
164,Audrey Jones,au4200,2012-10-04 12:25:00,0,0,"Flash Technology | SPX: Obstruction Lighting For Utilities, Broadcast, and Catenary. Flash Technology provides l... http://bit.ly/VlRv1w",,,,2.54e+17,https://twitter.com/au4200/status/253893548557086721,136,0
165,Flash Technology,flashtechnology,2018-07-17 15:05:00,0,0,The FTB 205 high intensity xenon tower lighting system now ships with a new coupling transformer assembly. Integrating couplers increases the reliability of the lighting system by improving tube and trigger performance. Instruction sheet and manual at http://ow.ly/blXD30kZQjZ pic.twitter.com/mmrl4tUqeB,,,,1.02e+18,https://twitter.com/flashtechnology/status/1019296983201091584,303,1
166,corkyd,corkyd,2018-07-17 07:10:00,0,0,FLASH TECHNOLOGY TOWER SAFETY OBSTRUCTION LIGHTING Radio Cell Light Assembly Best Ever ! # towersafety # safetylighting # safetytechnologyhttps://ebay.to/2zF8BmL,,,# # #,1.02e+18,https://twitter.com/corkyd/status/1019177626735398918,161,1
167,Loot Mountain,LootMountain,2018-05-08 04:41:00,0,0,"... Delta Box, Shenzhen Xingbiao, OBSTA, Orga Aviation, Holland Aviation, Shenzhen Ruibu, International Tower Lighting, Flash Technology ( SPX ), Dialight, Obelux, Hubbell Incorporated and Cooper Industries. LED O .. https://www.google.com/url?rct=j&sa=t&url=https://theanalystfinancial.com/191279/led-obstruct-lighting-market-development-by-2023-hughey-phillips-avlite-dialight-and-flash-technology-spx/&ct=ga&cd=CAIyHDAxNGFjNDI5ZGFjY2I1ODM6Y29tOmVuOlVTOlI&usg=AFQjCNE7BeEQefSlaE9bWdvgVHxM8TcAYA ‚Ä¶",,,,9.94e+17,https://twitter.com/LootMountain/status/993772751621156864,498,0
168,IT Jobs Tennessee,ITTennessee,2017-12-29 07:14:00,0,0,"Tech Support Analyst: Job Summary About Flash Technology Flash Technology, an SPX Corporation business, provides certified FAA obstruction lighting systems, tower lights, and monitoring equipment to the telecom,‚Ä¶ http://tw.eet.link/Q84GkJ # IT # job # hiring # IT # techjob # ITJob",,,# # # # # #,9.47e+17,https://twitter.com/ITTennessee/status/946715952686686208,281,0
169,Patricia W. Adam,patriciawadam,2017-02-01 21:55:00,0,0,Flash Technology FH 324 Tower HUGE LOT Head Strobe Red White Controller ITL https://goo.gl/fb/cFBT75,,,,8.27e+17,https://twitter.com/patriciawadam/status/826987344603537410,100,1
170,üá∫üá∏U.S. Flash Feedüá∫üá∏,Flash_Feed,2016-10-10 20:39:00,0,0,The Leaked Dark Tower Trailer Has a Lot of Modern Day New York City in It | Flash Technology News http://fb.me/1AZS6FqbU,,,,7.86e+17,https://twitter.com/Flash_Feed/status/785640832653258752,120,1
171,üá∫üá∏U.S. Flash Feedüá∫üá∏,Flash_Feed,2016-10-08 18:03:00,0,0,Faster than a speeding ‚Äî elevator. Shanghai Tower claims to have world's fastest | Flash Technology News http://fb.me/46UHRHmw9,,,,7.85e+17,https://twitter.com/Flash_Feed/status/784876913412100096,127,0
172,üá∫üá∏U.S. Flash Feedüá∫üá∏,Flash_Feed,2016-05-31 17:44:00,0,0,"From ice rooms to inside the Eiffel Tower, 7 of the coolest hotels on Earth | Flash Technology News http://fb.me/7gMX3Lkgk",,,,7.38e+17,https://twitter.com/Flash_Feed/status/737761812976918528,122,0
173,Melanie Balakit,MelanieBalakit,2015-10-02 12:22:00,0,0,"Light tower markers"" are on the table at Flash Technology. # MFGDay15pic.twitter.com/6mbfDiYR5t""",,,#,6.5e+17,https://twitter.com/MelanieBalakit/status/649982717325611008,96,1
174,Radio magazine,Radiomagazine,2013-05-10 11:37:00,0,0,Flash Technology FTS 370w: Solid-state tower lighting and 2013 Pick Hit Award Winner http://bit.ly/15Ug4ZD,,,,3.33e+17,https://twitter.com/Radiomagazine/status/332882150099677184,106,0
175,Simfany,Simfany,2010-07-29 09:48:00,0,0,Science & Technology: Slow Motion Video of a Multiple Tower Upward Lightning Flash on 6/16/10 http://simfany.com/v60295/,,,,19826989847.0,https://twitter.com/Simfany/status/19826989847,120,-1
176,BVARA,w3sgj,2010-05-14 13:48:00,0,0,From QRZ.com - Flash Technology FH-306 Tower Strobe Light: I have for sale one used Flash Technology obstruction b... http://bit.ly/cDzI6D,,,,13988706198.0,https://twitter.com/w3sgj/status/13988706198,138,1
177,TechPinas,techpinas,2010-01-20 00:33:00,0,0,Play Overlord II Tower Defense Flash Browser Game - TP Flash Games Series ! | TechPinas : The Philippine Technology ... http://shar.es/aBM8c,,,,7976554651.0,https://twitter.com/techpinas/status/7976554651,140,-1
178,BVARA,w3sgj,2010-01-02 02:25:00,0,0,2 Tower Strobe Beacon Lights: I have two Flash Technology FH 306-2 obstruction beacons i am looking to sell. Th.. http://bit.ly/5fpWN4,,,,7293764932.0,https://twitter.com/w3sgj/status/7293764932,134,0
179,corkyd,corkyd,2018-07-16 07:08:00,0,0,FLASH TECHNOLOGY TOWER SAFETY OBSTRUCTION LIGHTING Radio Cell Light Assembly Hurry # towersafety # safetylighting # safetytechnologyhttps://ebay.to/2zF8BmL,,,# # #,1.02e+18,https://twitter.com/corkyd/status/1018814588215799808,155,1
180,Karl Thomson,tweetkarl,2018-07-01 08:50:00,0,0,"In the world of # technology, all-flash # storage is seen as being in the ivory tower & still the purview of high-end # primary # applications & larger companies. It's now time for # flash to become available to all # markets. Check out our full blog post here: https://okt.to/BzVI0v pic.twitter.com/qtGeqWEQEb",,,# # # # # #,1.01e+18,https://twitter.com/tweetkarl/status/1013404366580183041,310,1
181,Jobs in Tennessee,Tenn_HR,2017-12-24 08:00:00,0,0,"Tech Support Analyst: Job Summary About Flash Technology Flash Technology, an SPX Corporation business, provides certified FAA obstruction lighting systems, tower lights, and monitoring equipment to the telecom,‚Ä¶ http://tw.eet.link/Q7Qgz0 # IT # job # hiring # IT # techjob # ITJob",,,# # # # # #,9.45e+17,https://twitter.com/Tenn_HR/status/944915582415073280,281,0
182,Patricia W. Adam,patriciawadam,2017-03-21 04:43:00,0,0,FLASH TECHNOLOGY FH3620-2 TOWER SAFETY LED OBSTRUCTION LIGHTING Radio https://goo.gl/fb/sJvlhb,,,,8.44e+17,https://twitter.com/patriciawadam/status/844107067380158464,94,0
183,Patricia W. Adam,patriciawadam,2017-02-27 02:04:00,0,0,FLASH TECHNOLOGY FH 308 STROBE TOWER OBSTRUCTION LIGHTING https://goo.gl/fb/P9bqYS,,,,8.36e+17,https://twitter.com/patriciawadam/status/836109791772741634,82,0
184,Patricia W. Adam,patriciawadam,2016-12-26 00:35:00,0,0,4 TOWER BEACON LIGHT/ LENS LAMP FLASH TECHNOLOGY RED WHITE STROBE (LOT OF 4) https://goo.gl/fb/ej9p5S,,,,8.13e+17,https://twitter.com/patriciawadam/status/813256966365540352,101,1
185,Patricia W. Adam,patriciawadam,2016-11-16 04:12:00,0,0,FLASH TECHNOLOGY FH 3620-2 NEW LED TOWER LIGHT FAA L-864/865 https://goo.gl/fb/Szgywt,,,,7.99e+17,https://twitter.com/patriciawadam/status/798816060195500033,85,1
186,The Israel Company,israel_flash,2015-02-12 10:07:00,0,0,# Israel # Globes : Tower teams with FLIR on infrared technology http://ow.ly/2UAqVy,,,# #,5.66e+17,https://twitter.com/israel_flash/status/565889855369281536,84,0
187,landonfang,landonfang1,2014-04-23 22:48:00,0,0,"http://gmtlight.en.alibaba.com/product/735539860-200202610/Drink_Tower.html ‚Ä¶ - Drink Tower, View Drink Tower, GMT Product Details from Beijing Golden Flash Technology Development Center on Aliba",,,,4.59e+17,https://twitter.com/landonfang1/status/459161995866939392,195,1
188,Shawn Wilkerson,WhelenVortexR,2014-02-21 20:46:00,0,0,I liked a @ YouTube video http://youtu.be/JOFuybJk0lo?a Flash Technology Tower Strobe,,@,,4.37e+17,https://twitter.com/WhelenVortexR/status/437040567042998272,85,1
189,Shawn Wilkerson,WhelenVortexR,2013-11-04 21:54:00,0,0,I liked a @ YouTube video http://youtu.be/-Bizzsr1zh4?a ROBLOX Cell Phone Tower Day/Night mode Flash Technology FTB-324 Obstruction Beacon,,@,,3.98e+17,https://twitter.com/WhelenVortexR/status/397557623333351424,138,1
190,GeekyCrunch,geekycrunch,2013-09-21 16:49:00,0,0,# tech USB Flash drive shaped like an Eiffel Tower http://dlvr.it/40zVfP # Electronics # Gadgets # Technology # technology,,,# # # # #,3.82e+17,https://twitter.com/geekycrunch/status/381520476335382528,122,0
191,Hugh Winter,Hyough,2011-09-19 13:19:00,0,0,With all our advanced technology we still can't make a camera that realises firing the flash at Tower Bridge at night is not enough?,,,,1.16e+17,https://twitter.com/Hyough/status/115837345881784320,132,1
192,Flash Technology,flashtechnology,2010-09-07 07:03:00,0,0,Flash Technology's advanced MET tower lighting solutions wil... http://conta.cc/cyVKGo via # constantcontact,,,#,23227725515.0,https://twitter.com/flashtechnology/status/23227725515,108,1
193,Vienna_Tower,Vienna_tower,2010-05-25 03:28:00,0,0,"Greenliant Systems Acquires NANDrive, NAND Controller and Specialty Flash Memory Assets from Microchip Technology http://bit.ly/9XCE6X",,,,14678294822.0,https://twitter.com/Vienna_tower/status/14678294822,134,0
194,thereal shapeshifter,scifi_reviews,2009-12-14 00:11:00,0,0,FlashForward theory: D. Gibbons was able to have a private flash forward that enabled him to learn about Simon's Tower of Doom technology,,,,6652813466.0,https://twitter.com/scifi_reviews/status/6652813466,137,1
195,corkyd,corkyd,2018-07-15 07:08:00,0,0,FLASH TECHNOLOGY TOWER SAFETY OBSTRUCTION LIGHTING Radio Cell Light Assembly Best Ever ! # towersafety # safetylighting # safetytechnologyhttps://ebay.to/2zF8BmL,,,# # #,1.02e+18,https://twitter.com/corkyd/status/1018452315089588225,161,1
196,Dhonnay,DomHonnay,2018-04-25 01:50:00,0,0,"In the world of # technology, all-flash # storage is seen as being in the ivory tower & still the purview of high-end # primary # applications & larger companies. It's now time for # flash to become available to all # markets. Check out our full blog post here: http://okt.to/hpcTN6 pic.twitter.com/Z2Tm6DTAd2",,,# # # # # #,9.89e+17,https://twitter.com/DomHonnay/status/989018683174473728,309,1
197,Tennessee Recruiter,TennesseeHiring,2017-12-30 15:50:00,0,0,"Tech Support Analyst: Job Summary About Flash Technology Flash Technology, an SPX Corporation business, provides certified FAA obstruction lighting systems, tower lights, and monitoring equipment to the telecom,‚Ä¶ http://tw.eet.link/Q8FT4j # tech # job # IT # IT # techjob # ITJob",,,# # # # # #,9.47e+17,https://twitter.com/TennesseeHiring/status/947208182723633153,279,0
198,Healthy 44 Care,H44Care,2017-10-04 12:01:00,0,0,Flash Technologies FTB 310 White Med Intensity White L-865 Xenon Tower Light Kit http://leto.steinstone.info/US/categories/twt/?item=172905688499 ‚Ä¶,,,,9.16e+17,https://twitter.com/H44Care/status/915607695314501632,147,1
199,Patricia W. Adam,patriciawadam,2017-02-23 09:20:00,0,0,FLASH TECHNOLOGY FH 3620-2 TOWER SAFETY LED OBSTRUCTION LIGHTING https://goo.gl/fb/mhD2vZ,,,,8.35e+17,https://twitter.com/patriciawadam/status/834769933435297792,89,0
200,BoyyZa,BoyyZa,2014-11-11 12:20:00,0,0,(32GB Metal Eiffel Tower USB Flash Drive (Silver)) Computer & Technology http://fb.me/1mRo8B6Hd,,,,5.32e+17,https://twitter.com/BoyyZa/status/532221242468605953,95,0
201,jaydreamer,tetsu_girl,2014-08-26 16:44:00,0,0,@ mtvsplashpage pretty sure left graffiti is Palmer Technologies logo (see Flash teaser http://youtu.be/XuoKFkv6P0c ). fans say left tower is Stagg,,@,,5.04e+17,https://twitter.com/tetsu_girl/status/504368731745566720,147,1
202,landonfang,landonfang1,2014-03-26 03:49:00,0,0,"http://gmtlight.en.alibaba.com/product/473212878-200202610/Plastic_Beer_Tower.html ‚Ä¶ - Plastic Beer Tower, View plastic beer tower, GMT Product Details from Beijing Golden Flash Technology",,,,4.49e+17,https://twitter.com/landonfang1/status/448728314585165824,188,1
203,Flash Technology,flashtechnology,2010-08-31 17:43:00,0,0,"Flash Technology's advanced MET tower lighting solutions will be at AWEA's Wind Resource & Assessment Workshop, Sep 14-15 Oklahoma City, OK",,,,22651384414.0,https://twitter.com/flashtechnology/status/22651384414,139,1
204,Vienna_Tower,Vienna_tower,2010-02-16 12:35:00,0,0,RT @ tweetmeme SanDisk 64GB iNAND Embedded Flash Drives | Technology guide - India's latest technology - gadget news http://is.gd/8reCR,,@,,9193907871.0,https://twitter.com/Vienna_tower/status/9193907871,135,1
205,doitJEFFSTYLE ‚úåÔ∏è,doitJEFFSTYLE,2008-12-19 13:38:00,0,0,"@ scottjanousek haha, i remember seeing that tower when I went down to the Boston Flash Lite Technology Day!",,@,,1067595147.0,https://twitter.com/doitJEFFSTYLE/status/1067595147,108,1
206,IT Memphis Jobs,ITJob_Memphis,2017-12-30 10:37:00,0,0,"Tech Support Analyst: Job Summary About Flash Technology Flash Technology, an SPX Corporation business, provides certified FAA obstruction lighting systems, tower lights, and monitoring equipment to the telecom,‚Ä¶ http://tw.eet.link/Q8D0fP # tech # job # IT # IT # techjob # ITJob",,,# # # # # #,9.47e+17,https://twitter.com/ITJob_Memphis/status/947129421227376640,279,0
207,landonfang,landonfang1,2014-04-29 22:13:00,0,0,"http://gmtlight.en.alibaba.com/product/1527202811-200202610/Flashing_Wine_Tower.html ‚Ä¶ - Flashing Wine Tower, View Flashing Wine Tower, GMT Product Details from Beijing Golden Flash Technology",,,,4.61e+17,https://twitter.com/landonfang1/status/461327460928192512,192,1
208,Flash Technology,flashtechnology,2018-07-17 15:05:00,0,0,The FTB 205 high intensity xenon tower lighting system now ships with a new coupling transformer assembly. Integrating couplers increases the reliability of the lighting system by improving tube and trigger performance. Instruction sheet and manual at http://ow.ly/blXD30kZQjZ pic.twitter.com/mmrl4tUqeB,,,,1.02e+18,https://twitter.com/flashtechnology/status/1019296983201091584,303,1
209,corkyd,corkyd,2018-07-17 07:10:00,0,0,FLASH TECHNOLOGY TOWER SAFETY OBSTRUCTION LIGHTING Radio Cell Light Assembly Best Ever ! # towersafety # safetylighting # safetytechnologyhttps://ebay.to/2zF8BmL,,,# # #,1.02e+18,https://twitter.com/corkyd/status/1019177626735398918,161,1
210,Loot Mountain,LootMountain,2018-05-08 04:41:00,0,0,"... Delta Box, Shenzhen Xingbiao, OBSTA, Orga Aviation, Holland Aviation, Shenzhen Ruibu, International Tower Lighting, Flash Technology ( SPX ), Dialight, Obelux, Hubbell Incorporated and Cooper Industries. LED O .. https://www.google.com/url?rct=j&sa=t&url=https://theanalystfinancial.com/191279/led-obstruct-lighting-market-development-by-2023-hughey-phillips-avlite-dialight-and-flash-technology-spx/&ct=ga&cd=CAIyHDAxNGFjNDI5ZGFjY2I1ODM6Y29tOmVuOlVTOlI&usg=AFQjCNE7BeEQefSlaE9bWdvgVHxM8TcAYA ‚Ä¶",,,,9.94e+17,https://twitter.com/LootMountain/status/993772751621156864,498,0
211,IT Jobs Tennessee,ITTennessee,2017-12-29 07:14:00,0,0,"Tech Support Analyst: Job Summary About Flash Technology Flash Technology, an SPX Corporation business, provides certified FAA obstruction lighting systems, tower lights, and monitoring equipment to the telecom,‚Ä¶ http://tw.eet.link/Q84GkJ # IT # job # hiring # IT # techjob # ITJob",,,# # # # # #,9.47e+17,https://twitter.com/ITTennessee/status/946715952686686208,281,0
212,Patricia W. Adam,patriciawadam,2017-03-21 04:43:00,0,0,FLASH TECHNOLOGY FH3620-2 TOWER SAFETY LED OBSTRUCTION LIGHTING Radio https://goo.gl/fb/sJvlhb,,,,8.44e+17,https://twitter.com/patriciawadam/status/844107067380158464,94,0
213,Patricia W. Adam,patriciawadam,2017-02-27 02:04:00,0,0,FLASH TECHNOLOGY FH 308 STROBE TOWER OBSTRUCTION LIGHTING https://goo.gl/fb/P9bqYS,,,,8.36e+17,https://twitter.com/patriciawadam/status/836109791772741634,82,0
214,Radio magazine,Radiomagazine,2013-05-10 11:37:00,0,0,Flash Technology FTS 370w: Solid-state tower lighting and 2013 Pick Hit Award Winner http://bit.ly/15Ug4ZD,,,,3.33e+17,https://twitter.com/Radiomagazine/status/332882150099677184,106,0
215,Flash Technology,flashtechnology,2010-09-07 07:03:00,0,0,Flash Technology's advanced MET tower lighting solutions wil... http://conta.cc/cyVKGo via # constantcontact,,,#,23227725515.0,https://twitter.com/flashtechnology/status/23227725515,108,1
216,corkyd,corkyd,2018-07-15 07:08:00,0,0,FLASH TECHNOLOGY TOWER SAFETY OBSTRUCTION LIGHTING Radio Cell Light Assembly Best Ever ! # towersafety # safetylighting # safetytechnologyhttps://ebay.to/2zF8BmL,,,# # #,1.02e+18,https://twitter.com/corkyd/status/1018452315089588225,161,1
217,Jobs in Tennessee,Tenn_HR,2017-12-24 08:00:00,0,0,"Tech Support Analyst: Job Summary About Flash Technology Flash Technology, an SPX Corporation business, provides certified FAA obstruction lighting systems, tower lights, and monitoring equipment to the telecom,‚Ä¶ http://tw.eet.link/Q7Qgz0 # IT # job # hiring # IT # techjob # ITJob",,,# # # # # #,9.45e+17,https://twitter.com/Tenn_HR/status/944915582415073280,281,0
218,Patricia W. Adam,patriciawadam,2017-02-23 09:20:00,0,0,FLASH TECHNOLOGY FH 3620-2 TOWER SAFETY LED OBSTRUCTION LIGHTING https://goo.gl/fb/mhD2vZ,,,,8.35e+17,https://twitter.com/patriciawadam/status/834769933435297792,89,0
219,Flash Technology,flashtechnology,2010-08-31 17:43:00,0,0,"Flash Technology's advanced MET tower lighting solutions will be at AWEA's Wind Resource & Assessment Workshop, Sep 14-15 Oklahoma City, OK",,,,22651384414.0,https://twitter.com/flashtechnology/status/22651384414,139,1
220,IT Jobs Tennessee,ITTennessee,2017-12-29 07:14:00,0,0,"Tech Support Analyst: Job Summary About Flash Technology Flash Technology, an SPX Corporation business, provides certified FAA obstruction lighting systems, tower lights, and monitoring equipment to the telecom,‚Ä¶ http://tw.eet.link/Q84GkJ # IT # job # hiring # IT # techjob # ITJob",,,# # # # # #,9.47e+17,https://twitter.com/ITTennessee/status/946715952686686208,281,0
221,SPX FLOW,SPXFlow,2015-04-17 05:01:00,0,0,SPX flash technology provides an insight into international regulations for aviation obstruction lighting: http://ow.ly/LxMBG,,,,5.89e+17,https://twitter.com/SPXFlow/status/588990681865134080,125,0
222,jane west,westy1287,2012-10-04 11:56:00,0,0,"Flash Technology | SPX: Obstruction Lighting For Utilities, Broadcast, and Catenary. Flash Technology provides l... http://bit.ly/QvQ63Q",,,,2.54e+17,https://twitter.com/westy1287/status/253886266234503168,136,0
223,Jobs in Tennessee,Tenn_HR,2017-12-24 08:00:00,0,0,"Tech Support Analyst: Job Summary About Flash Technology Flash Technology, an SPX Corporation business, provides certified FAA obstruction lighting systems, tower lights, and monitoring equipment to the telecom,‚Ä¶ http://tw.eet.link/Q7Qgz0 # IT # job # hiring # IT # techjob # ITJob",,,# # # # # #,9.45e+17,https://twitter.com/Tenn_HR/status/944915582415073280,281,0
224,RandomURL,RandomURL,2012-10-04 12:26:00,0,0,"Flash Technology | SPX: Obstruction Lighting For Utilities, Broadcast, and Catenary. Flash Technology provides l... http://bit.ly/T5Rw92",,,,2.54e+17,https://twitter.com/RandomURL/status/253893816828981248,136,0
225,People Exclusive,PeoplExclusive,2018-07-18 07:24:00,0,0,"Global LED Obstruct Lighting Market Current and Future Prospect by 2023: Avlite, Dialight, Flash Technology (SPX) and Hughey & Phillips https://peopleexclusive.com/global-led-obstruct-lighting-market-current-and-future-prospect-challenges/ ‚Ä¶",,,,1.02e+18,https://twitter.com/PeoplExclusive/status/1019543385617633280,241,0
226,Loot Mountain,LootMountain,2018-05-08 04:41:00,0,0,"... Delta Box, Shenzhen Xingbiao, OBSTA, Orga Aviation, Holland Aviation, Shenzhen Ruibu, International Tower Lighting, Flash Technology ( SPX ), Dialight, Obelux, Hubbell Incorporated and Cooper Industries. LED O .. https://www.google.com/url?rct=j&sa=t&url=https://theanalystfinancial.com/191279/led-obstruct-lighting-market-development-by-2023-hughey-phillips-avlite-dialight-and-flash-technology-spx/&ct=ga&cd=CAIyHDAxNGFjNDI5ZGFjY2I1ODM6Y29tOmVuOlVTOlI&usg=AFQjCNE7BeEQefSlaE9bWdvgVHxM8TcAYA ‚Ä¶",,,,9.94e+17,https://twitter.com/LootMountain/status/993772751621156864,498,0
227,IT Jobs Tennessee,ITTennessee,2018-01-16 04:08:00,0,0,"Tech Support Analyst: Job Summary About Flash Technology Flash Technology, an SPX Corporation business, provides certified FAA obstruction lighting systems, tower lights, and monitoring equipment to the telecom,‚Ä¶ http://tw.eet.link/QBPwn0 # IT # job # hiring # IT # techjob # ITJob",,,# # # # # #,9.53e+17,https://twitter.com/ITTennessee/status/953192118071148544,281,0
228,SPX FLOW,SPXFlow,2015-04-17 05:01:00,0,0,SPX flash technology provides an insight into international regulations for aviation obstruction lighting: http://ow.ly/LxMBG,,,,5.89e+17,https://twitter.com/SPXFlow/status/588990681865134080,125,0
229,jane west,westy1287,2012-10-04 11:56:00,0,0,"Flash Technology | SPX: Obstruction Lighting For Utilities, Broadcast, and Catenary. Flash Technology provides l... http://bit.ly/QvQ63Q",,,,2.54e+17,https://twitter.com/westy1287/status/253886266234503168,136,0
230,Bill Moore,TheSolarTech,2009-06-22 11:49:00,0,0,"Flash Technology To Provide Lighting For John Deere Wind Energy: based Flash Technology, an SPX subsidiary, has committe http://url4.eu/18RD",,,,2280426176.0,https://twitter.com/TheSolarTech/status/2280426176,140,0
231,Jobs in Tennessee,Tenn_HR,2017-12-24 08:00:00,0,0,"Tech Support Analyst: Job Summary About Flash Technology Flash Technology, an SPX Corporation business, provides certified FAA obstruction lighting systems, tower lights, and monitoring equipment to the telecom,‚Ä¶ http://tw.eet.link/Q7Qgz0 # IT # job # hiring # IT # techjob # ITJob",,,# # # # # #,9.45e+17,https://twitter.com/Tenn_HR/status/944915582415073280,281,0
232,Jordan Hayes,publicistreport,2017-05-15 07:37:00,0,0,"Global LED Obstruct Lighting Market-Flash Technology (SPX), Obelux, Dialight, TRANBERG http://publicistreport.com/electronics/global-led-obstruct-lighting-market.html ‚Ä¶",,,,8.64e+17,https://twitter.com/publicistreport/status/864082313776443392,168,0
233,TechAnnouncer,TechAnnouncer,2017-04-14 07:57:00,0,0,"Global LED Obstruct Lighting Market 2017 - Carmanah Technologies, Hughey & Phillips, Dialight, Flash Technology (SPX), Avlite, Orga Aviat... pic.twitter.com/iBtnSUF3bN",,,,8.53e+17,https://twitter.com/TechAnnouncer/status/852853426711130112,167,0
234,RandomURL,RandomURL,2012-10-04 12:26:00,0,0,"Flash Technology | SPX: Obstruction Lighting For Utilities, Broadcast, and Catenary. Flash Technology provides l... http://bit.ly/T5Rw92",,,,2.54e+17,https://twitter.com/RandomURL/status/253893816828981248,136,0
235,Flash Technology,flashtechnology,2018-07-02 10:27:00,0,0,"Our offices and manufacturing facility will be closed on Wednesday, July 4 for Independence Day. The NOC will be available should you require customer support. 800.821.5825 | flashnoc@spx.compic.twitter.com/gnOXtG6NTF",,@spx,,1.01e+18,https://twitter.com/flashtechnology/status/1013791223411339265,217,1
236,Flash Technology,flashtechnology,2018-06-07 12:15:00,0,0,"As carriers retire aging networks, 3G modems will no longer be able to conduct automated notifications as required by the FCC. Flash advises clients to start budgeting for & replacing 3G modems now to ensure continued monitoring compliance. Upgrade to LTE: http://ow.ly/zzMT30kmZfv",,,,1e+18,https://twitter.com/flashtechnology/status/1004758671820238848,281,1
237,Flash Technology,flashtechnology,2016-06-23 15:48:00,0,0,"4,330 sites in 13 months. How to thank staff for their hard work on a hot summer day? # icecreampartypic.twitter.com/g8OpN2ZiRH",,,#,7.46e+17,https://twitter.com/flashtechnology/status/746067376420978689,127,-1
238,Flash Technology,flashtechnology,2011-10-10 16:36:00,0,0,"Flash Technology will be at AWEA Offshore tomorrow, will we see you? http://conta.cc/ozEeST # constantcontact",,,#,1.23e+17,https://twitter.com/flashtechnology/status/123497156119232512,109,0
239,Flash Technology,flashtechnology,2011-05-19 16:51:00,0,0,Flash Technology Launches New DC-powered Meteorological Ligh... http://conta.cc/jehb9S via # constantcontact,,,#,7.13e+16,https://twitter.com/flashtechnology/status/71317071178375168,108,1
240,Flash Technology,flashtechnology,2010-10-25 07:01:00,0,0,"Flash Technology @CANWEA¬ís Annual Conference & Expo, November 1-3 Montreal, Quebec ... http://conta.cc/bxRflz via # constantcontact",,@CANWEA,#,28679740083.0,https://twitter.com/flashtechnology/status/28679740083,131,0
241,Flash Technology,flashtechnology,2010-09-28 06:02:00,0,0,"Come see Flash Technology's at AWEA Offshore Oct 5-7 in Atlantic City, NJ.... http://conta.cc/bFraAY via # constantcontact",,,#,25771206937.0,https://twitter.com/flashtechnology/status/25771206937,122,0
242,Outstanding Coins,OutstandingCoi,2018-04-19 15:26:00,0,0,Flash Technology PC310 Power Converter FAA Obstruction Lighting http://amordad.steinstone.info/US/categories/twt/?item=232739917010 ‚Ä¶,,,,9.87e+17,https://twitter.com/OutstandingCoi/status/987049760648585216,133,0
243,IT Jobs Tennessee,ITTennessee,2017-12-29 07:14:00,0,0,"Tech Support Analyst: Job Summary About Flash Technology Flash Technology, an SPX Corporation business, provides certified FAA obstruction lighting systems, tower lights, and monitoring equipment to the telecom,‚Ä¶ http://tw.eet.link/Q84GkJ # IT # job # hiring # IT # techjob # ITJob",,,# # # # # #,9.47e+17,https://twitter.com/ITTennessee/status/946715952686686208,281,0
244,Patricia W. Adam,patriciawadam,2016-11-16 04:12:00,0,0,FLASH TECHNOLOGY FH 3620-2 NEW LED TOWER LIGHT FAA L-864/865 https://goo.gl/fb/Szgywt,,,,7.99e+17,https://twitter.com/patriciawadam/status/798816060195500033,85,1
245,Gulf Coast Avionics,GCAvionics,2016-03-01 15:02:00,0,0,"NASA, FAA Team On Emerging Technology Workshop - AVweb flash Article http://ht.ly/YUDzu",,,,7.05e+17,https://twitter.com/GCAvionics/status/704758670589104128,87,0
246,üá∫üá∏U.S. Flash Feedüá∫üá∏,Flash_Feed,2014-05-13 17:26:00,0,0,Airliner-Drone Near Miss Spurring FAA to Clamp Down on UAVs - See on Scoop.it - Flash Technology News It‚Äôs... http://tmblr.co/ZUbd0y1FnaJaY,,,,4.66e+17,https://twitter.com/Flash_Feed/status/466328530289430529,139,-1
247,indiaupdates,indiaupdates,2010-04-29 18:30:00,0,0,FAA GIVES INSIDE LOOK AT NEW SATELLITE TECHNOLOGY | Best news: Apple's Steve Jobs attacks Adobe's Flash technology as unfit for iPhone...,,,,13093478297.0,https://twitter.com/indiaupdates/status/13093478297,137,1
248,Caribou Lighting,CaribouLighting,2010-03-18 22:34:00,0,0,"Lighting for offshore MET towers and wind turbines : Wind power ...: Flash Technology, the US developer of FAA lig... http://bit.ly/bUS1GR",,,,10702559572.0,https://twitter.com/CaribouLighting/status/10702559572,138,0
249,American Wind Energy,AWEA,2009-06-22 12:45:00,0,0,Flash Technology to provide FAA aircraft warning lights for John Deere wind projects: http://bit.ly/Q8hlB,,,,2281166481.0,https://twitter.com/AWEA/status/2281166481,105,0
250,Jobs in Tennessee,Tenn_HR,2017-12-24 08:00:00,0,0,"Tech Support Analyst: Job Summary About Flash Technology Flash Technology, an SPX Corporation business, provides certified FAA obstruction lighting systems, tower lights, and monitoring equipment to the telecom,‚Ä¶ http://tw.eet.link/Q7Qgz0 # IT # job # hiring # IT # techjob # ITJob",,,# # # # # #,9.45e+17,https://twitter.com/Tenn_HR/status/944915582415073280,281,0
251,Charles Donnelly,wind_power_home,2010-03-18 21:51:00,0,0,"Lighting for offshore MET towers and wind turbines : Wind power ...: Flash Technology, the US developer of FAA lig... http://bit.ly/9PLnuC",,,,10700729704.0,https://twitter.com/wind_power_home/status/10700729704,138,0
252,RSC Equipment Rental,RSCEquipment,2009-06-22 12:52:00,0,0,RT: AWEA Flash Technology to provide FAA aircraft warning lights for John Deere wind projects: http://bit.ly/Q8hlB,,,,2281249125.0,https://twitter.com/RSCEquipment/status/2281249125,114,0
253,@paulonwind,paulonwind,2018-03-02 14:15:00,0,0,Flash Technology post bulletin on power supply in Vanguard medium FTS 370 (obstruction light) systems https://goo.gl/PsmUYU # windpower # windindustrypic.twitter.com/4Pg5I7nZ2w,,,# #,9.7e+17,https://twitter.com/paulonwind/status/969652310149292032,176,1
254,JessicaJames,jessicajames942,2016-10-06 08:48:00,0,0,"Flash Technology, LLC Launches Vanguard¬Æ Red Series - http://wp.me/p7ekkL-hz7",,,,7.84e+17,https://twitter.com/jessicajames942/status/784012362433044484,77,0
255,cdtoad,cdtoad,2012-12-05 11:48:00,0,0,Obstruction light more compact for simpler installation: Flash Technology Vanguard FTS 370i provides multiple fl... http://bit.ly/XqGiOC,,,,2.76e+17,https://twitter.com/cdtoad/status/276367542455513088,136,1
256,Scott Feinberg,ScottFeinberg,2009-11-23 12:03:00,0,0,FLASH: PGA to honor Joss Whedon with 2010 Vanguard Award for achievement in new media and technology.,,,,5981462358.0,https://twitter.com/ScottFeinberg/status/5981462358,101,1
257,TheAppWhisperer.com,TheAppWhisperer,2009-10-05 04:45:00,0,0,Adobe tries keeping Flash in Web vanguard: Stephen Shankland writes about a wide range of technology and produc.. http://bit.ly/2AQmaF,,,,4624079257.0,https://twitter.com/TheAppWhisperer/status/4624079257,134,-1
258,ecoustics,ecoustics,2009-10-05 04:30:00,0,0,# technology # news Adobe tries keeping Flash in Web vanguard: Some want browsers t.. http://bit.ly/IoPRV @ eCoustics,,@,# #,4623921013.0,https://twitter.com/ecoustics/status/4623921013,117,-1
259,fullnelson,fullnelson,2009-05-29 17:21:00,0,0,"Notes; ‚ÄúJapan: Robot Nation‚Äù Current TV: Vanguard, Dec 11, ‚Äô08 (VIDEO: Flash) http://bit.ly/16JaJx (Demographics, Population, Technology)",,,,1964516596.0,https://twitter.com/fullnelson/status/1964516596,137,0
260,IreneManning,irenemanning491,2016-10-11 20:55:00,0,0,"Flash Technology, LLC Launches Vanguard¬Æ Red Series - http://wp.me/p7jhDb-iJg",,,,7.86e+17,https://twitter.com/irenemanning491/status/786007414067736576,77,0
261,whichcellphoneapp,whichcellphonea,2009-10-05 04:45:00,0,0,Adobe tries keeping Flash in Web vanguard: Stephen Shankland writes about a wide range of technology and produc.. http://bit.ly/2AQmaF,,,,4624079609.0,https://twitter.com/whichcellphonea/status/4624079609,134,-1
262,Flash Technology,flashtechnology,2018-07-17 15:05:00,0,0,The FTB 205 high intensity xenon tower lighting system now ships with a new coupling transformer assembly. Integrating couplers increases the reliability of the lighting system by improving tube and trigger performance. Instruction sheet and manual at http://ow.ly/blXD30kZQjZ pic.twitter.com/mmrl4tUqeB,,,,1.02e+18,https://twitter.com/flashtechnology/status/1019296983201091584,303,1
263,Flash Technology,flashtechnology,2010-09-07 07:03:00,0,0,Flash Technology's advanced MET tower lighting solutions wil... http://conta.cc/cyVKGo via # constantcontact,,,#,23227725515.0,https://twitter.com/flashtechnology/status/23227725515,108,1
264,Flash Technology,flashtechnology,2018-07-17 15:05:00,0,0,The FTB 205 high intensity xenon tower lighting system now ships with a new coupling transformer assembly. Integrating couplers increases the reliability of the lighting system by improving tube and trigger performance. Instruction sheet and manual at http://ow.ly/blXD30kZQjZ pic.twitter.com/mmrl4tUqeB,,,,1.02e+18,https://twitter.com/flashtechnology/status/1019296983201091584,303,1
265,BYUEnglishInternship,BYUEnglintern,2017-03-28 16:51:00,0,0,Apply before Apr 16 for a technical writing # internship with IM Flash Technologies. @ flashtechnology # writing http://englishinternships.byu.edu/?p=1607 pic.twitter.com/kCud4FW864,,@,# #,8.47e+17,https://twitter.com/BYUEnglintern/status/846827231003389952,181,0
266,DataGroup Asia,DataGroupAsia,2015-05-26 16:34:00,0,0,Flash Technology http://dg-di.cn/DG/11/7793.htm # FlashTechnology # UnitedStates # TacticalStrategic # Report # Corporate # Profit # Loss # Company,,,# # # # # # # #,6.03e+17,https://twitter.com/DataGroupAsia/status/603298103895142400,147,0
267,Flash Technology,flashtechnology,2011-10-10 16:36:00,0,0,"Flash Technology will be at AWEA Offshore tomorrow, will we see you? http://conta.cc/ozEeST # constantcontact",,,#,1.23e+17,https://twitter.com/flashtechnology/status/123497156119232512,109,0
268,Flash Technology,flashtechnology,2011-09-22 17:34:00,0,0,Flash Technology will be at CANWEA http://conta.cc/nWmLkd # constantcontact,,,#,1.17e+17,https://twitter.com/flashtechnology/status/116988879952818176,75,0
269,Flash Technology,flashtechnology,2011-09-22 09:41:00,0,0,Flash Technology wants to see you at PCIA http://conta.cc/rqUcoM # constantcontact,,,#,1.17e+17,https://twitter.com/flashtechnology/status/116869737157369857,82,1
270,Flash Technology,flashtechnology,2011-06-24 10:26:00,0,0,Light the Wind - News from Flash Technology http://conta.cc/jazpvK via # constantcontact,,,#,8.43e+16,https://twitter.com/flashtechnology/status/84266162405376000,88,1
271,Flash Technology,flashtechnology,2011-05-19 16:51:00,0,0,Flash Technology Launches New DC-powered Meteorological Ligh... http://conta.cc/jehb9S via # constantcontact,,,#,7.13e+16,https://twitter.com/flashtechnology/status/71317071178375168,108,1
272,Flash Technology,flashtechnology,2011-05-09 13:26:00,0,0,Flash Technology at Windpower 2011 http://conta.cc/knZ9JI via # constantcontact,,,#,6.76e+16,https://twitter.com/flashtechnology/status/67641613173784578,79,0
273,Flash Technology,flashtechnology,2010-10-25 07:01:00,0,0,"Flash Technology @CANWEA¬ís Annual Conference & Expo, November 1-3 Montreal, Quebec ... http://conta.cc/bxRflz via # constantcontact",,@CANWEA,#,28679740083.0,https://twitter.com/flashtechnology/status/28679740083,131,0
274,ArticlesMagic Plus!,ArticlesMP,2010-09-30 05:06:00,0,0,Ignoring # PDF to Flash Technology can be a huge mistake http://goo.gl/fb/G3wzC # businessesonline # flashtechnology,,,# # #,25963114730.0,https://twitter.com/ArticlesMP/status/25963114730,116,1
275,Flash Technology,flashtechnology,2010-09-28 06:02:00,0,0,"Come see Flash Technology's at AWEA Offshore Oct 5-7 in Atlantic City, NJ.... http://conta.cc/bFraAY via # constantcontact",,,#,25771206937.0,https://twitter.com/flashtechnology/status/25771206937,122,0
276,Flash Technology,flashtechnology,2010-09-07 07:03:00,0,0,Flash Technology's advanced MET tower lighting solutions wil... http://conta.cc/cyVKGo via # constantcontact,,,#,23227725515.0,https://twitter.com/flashtechnology/status/23227725515,108,1
277,BigBox Power,BigboxPower,2018-06-21 04:48:00,0,0,Flash Technology - FTS 371 DC - A1 Towers - Red Obstruction Lighting System https://goo.gl/qHxmpY pic.twitter.com/TpTEV1Fqtd,,,,1.01e+18,https://twitter.com/BigboxPower/status/1009719793329598470,124,0
278,@paulonwind,paulonwind,2018-03-02 14:15:00,0,0,Flash Technology post bulletin on power supply in Vanguard medium FTS 370 (obstruction light) systems https://goo.gl/PsmUYU # windpower # windindustrypic.twitter.com/4Pg5I7nZ2w,,,# #,9.7e+17,https://twitter.com/paulonwind/status/969652310149292032,176,1
279,Shawn Wilkerson,WhelenVortexR,2013-12-11 20:50:00,0,0,I liked a @ YouTube video http://youtu.be/AClSe4b-uv0?a 2013 Radio magazine Pick Hit: Flash Technology FTS 370w,,@,,4.11e+17,https://twitter.com/WhelenVortexR/status/410949871718637568,111,1
280,Radio magazine,Radiomagazine,2013-05-10 11:37:00,0,0,Flash Technology FTS 370w: Solid-state tower lighting and 2013 Pick Hit Award Winner http://bit.ly/15Ug4ZD,,,,3.33e+17,https://twitter.com/Radiomagazine/status/332882150099677184,106,0
281,cdtoad,cdtoad,2012-12-05 11:48:00,0,0,Obstruction light more compact for simpler installation: Flash Technology Vanguard FTS 370i provides multiple fl... http://bit.ly/XqGiOC,,,,2.76e+17,https://twitter.com/cdtoad/status/276367542455513088,136,1
282,People Exclusive,PeoplExclusive,2018-07-18 07:24:00,0,0,"Global LED Obstruct Lighting Market Current and Future Prospect by 2023: Avlite, Dialight, Flash Technology (SPX) and Hughey & Phillips https://peopleexclusive.com/global-led-obstruct-lighting-market-current-and-future-prospect-challenges/ ‚Ä¶",,,,1.02e+18,https://twitter.com/PeoplExclusive/status/1019543385617633280,241,0
283,Loot Mountain,LootMountain,2018-05-08 04:41:00,0,0,"... Delta Box, Shenzhen Xingbiao, OBSTA, Orga Aviation, Holland Aviation, Shenzhen Ruibu, International Tower Lighting, Flash Technology ( SPX ), Dialight, Obelux, Hubbell Incorporated and Cooper Industries. LED O .. https://www.google.com/url?rct=j&sa=t&url=https://theanalystfinancial.com/191279/led-obstruct-lighting-market-development-by-2023-hughey-phillips-avlite-dialight-and-flash-technology-spx/&ct=ga&cd=CAIyHDAxNGFjNDI5ZGFjY2I1ODM6Y29tOmVuOlVTOlI&usg=AFQjCNE7BeEQefSlaE9bWdvgVHxM8TcAYA ‚Ä¶",,,,9.94e+17,https://twitter.com/LootMountain/status/993772751621156864,498,0
284,IT Jobs Tennessee,ITTennessee,2018-01-16 04:08:00,0,0,"Tech Support Analyst: Job Summary About Flash Technology Flash Technology, an SPX Corporation business, provides certified FAA obstruction lighting systems, tower lights, and monitoring equipment to the telecom,‚Ä¶ http://tw.eet.link/QBPwn0 # IT # job # hiring # IT # techjob # ITJob",,,# # # # # #,9.53e+17,https://twitter.com/ITTennessee/status/953192118071148544,281,0
285,Global LEDsOLEDs,GlobalLEDsOLEDs,2017-05-02 08:14:00,0,0,"Global Medium Intensity LED Obstruct Light Market 2017 - Dialight, Avlite, Flash Technology (SPX), Orga Aviation,... http://fb.me/ypmmQSEf",,,,8.59e+17,https://twitter.com/GlobalLEDsOLEDs/status/859380595238907904,138,1
286,D. Pryor,TheOriginator23,2015-08-06 13:40:00,0,0,SPX Flash Technology is doing a great job so far lol. Gave me a birthday‚Ä¶ https://instagram.com/p/6DPdm8RQL9Yovy35RT_wnDkQl_W7Ho7V2dfK40/ ‚Ä¶,,,,6.29e+17,https://twitter.com/TheOriginator23/status/629346381371699200,139,1
287,SPX FLOW,SPXFlow,2015-04-17 05:01:00,0,0,SPX flash technology provides an insight into international regulations for aviation obstruction lighting: http://ow.ly/LxMBG,,,,5.89e+17,https://twitter.com/SPXFlow/status/588990681865134080,125,0
288,Intensity Jobs,intensityjobs,2013-12-18 07:37:00,0,0,"Product Support Manager: TN-Nashville, Business Unit Description Flash Technology, an SPX brand, has been... http://dlvr.it/4XJh9S",,,,4.13e+17,https://twitter.com/intensityjobs/status/413286910778294272,130,0
289,jane west,westy1287,2012-10-04 11:56:00,0,0,"Flash Technology | SPX: Obstruction Lighting For Utilities, Broadcast, and Catenary. Flash Technology provides l... http://bit.ly/QvQ63Q",,,,2.54e+17,https://twitter.com/westy1287/status/253886266234503168,136,0
290,Bill Moore,TheSolarTech,2009-06-22 11:49:00,0,0,"Flash Technology To Provide Lighting For John Deere Wind Energy: based Flash Technology, an SPX subsidiary, has committe http://url4.eu/18RD",,,,2280426176.0,https://twitter.com/TheSolarTech/status/2280426176,140,0
291,Jobs in Tennessee,Tenn_HR,2017-12-24 08:00:00,0,0,"Tech Support Analyst: Job Summary About Flash Technology Flash Technology, an SPX Corporation business, provides certified FAA obstruction lighting systems, tower lights, and monitoring equipment to the telecom,‚Ä¶ http://tw.eet.link/Q7Qgz0 # IT # job # hiring # IT # techjob # ITJob",,,# # # # # #,9.45e+17,https://twitter.com/Tenn_HR/status/944915582415073280,281,0
292,Jordan Hayes,publicistreport,2017-05-15 07:37:00,0,0,"Global LED Obstruct Lighting Market-Flash Technology (SPX), Obelux, Dialight, TRANBERG http://publicistreport.com/electronics/global-led-obstruct-lighting-market.html ‚Ä¶",,,,8.64e+17,https://twitter.com/publicistreport/status/864082313776443392,168,0
293,TechAnnouncer,TechAnnouncer,2017-04-14 07:57:00,0,0,"Global LED Obstruct Lighting Market 2017 - Carmanah Technologies, Hughey & Phillips, Dialight, Flash Technology (SPX), Avlite, Orga Aviat... pic.twitter.com/iBtnSUF3bN",,,,8.53e+17,https://twitter.com/TechAnnouncer/status/852853426711130112,167,0
294,RandomURL,RandomURL,2012-10-04 12:26:00,0,0,"Flash Technology | SPX: Obstruction Lighting For Utilities, Broadcast, and Catenary. Flash Technology provides l... http://bit.ly/T5Rw92",,,,2.54e+17,https://twitter.com/RandomURL/status/253893816828981248,136,0
295,Flash Technology,flashtechnology,2018-07-17 15:05:00,0,0,The FTB 205 high intensity xenon tower lighting system now ships with a new coupling transformer assembly. Integrating couplers increases the reliability of the lighting system by improving tube and trigger performance. Instruction sheet and manual at http://ow.ly/blXD30kZQjZ pic.twitter.com/mmrl4tUqeB,,,,1.02e+18,https://twitter.com/flashtechnology/status/1019296983201091584,303,1
296,corkyd,corkyd,2018-07-16 07:08:00,0,0,FLASH TECHNOLOGY TOWER SAFETY OBSTRUCTION LIGHTING Radio Cell Light Assembly Hurry # towersafety # safetylighting # safetytechnologyhttps://ebay.to/2zF8BmL,,,# # #,1.02e+18,https://twitter.com/corkyd/status/1018814588215799808,155,1
297,Loot Mountain,LootMountain,2018-05-08 04:41:00,0,0,"... Delta Box, Shenzhen Xingbiao, OBSTA, Orga Aviation, Holland Aviation, Shenzhen Ruibu, International Tower Lighting, Flash Technology ( SPX ), Dialight, Obelux, Hubbell Incorporated and Cooper Industries. LED O .. https://www.google.com/url?rct=j&sa=t&url=https://theanalystfinancial.com/191279/led-obstruct-lighting-market-development-by-2023-hughey-phillips-avlite-dialight-and-flash-technology-spx/&ct=ga&cd=CAIyHDAxNGFjNDI5ZGFjY2I1ODM6Y29tOmVuOlVTOlI&usg=AFQjCNE7BeEQefSlaE9bWdvgVHxM8TcAYA ‚Ä¶",,,,9.94e+17,https://twitter.com/LootMountain/status/993772751621156864,498,0
298,Opine‚öõÔ∏èENERGY,opineENERGY,2017-12-11 05:49:00,0,0,"LED Obstruct Lighting Market: (Carmanah Technologies, Hughey & Phillips, Dialight, Avlite, Flash Technology) ‚Äì EMEA (Europe, Middle East And Africa) Industry Analysis, Size, Share, Growth, Trends and Forecast 2017 ‚Äì 2022 http://ift.tt/2A9vpXN # Opines on # Energy",,,# #,9.4e+17,https://twitter.com/opineENERGY/status/940171734291972097,263,0
299,TechAnnouncer,TechAnnouncer,2017-04-14 07:57:00,0,0,"Global LED Obstruct Lighting Market 2017 - Carmanah Technologies, Hughey & Phillips, Dialight, Flash Technology (SPX), Avlite, Orga Aviat... pic.twitter.com/iBtnSUF3bN",,,,8.53e+17,https://twitter.com/TechAnnouncer/status/852853426711130112,167,0
300,Chris Young,Norsunenergy,2016-04-29 10:19:00,0,0,"Flash Technology Enhances Remote-Monitoring Solutions For Obstruction Lighting http://ift.tt/1rEV3iv Franklin, Tenn.-based Flash Techno‚Ä¶",,,,7.26e+17,https://twitter.com/Norsunenergy/status/726053332020789248,136,-1
301,SPX FLOW,SPXFlow,2015-04-17 05:01:00,0,0,SPX flash technology provides an insight into international regulations for aviation obstruction lighting: http://ow.ly/LxMBG,,,,5.89e+17,https://twitter.com/SPXFlow/status/588990681865134080,125,0
302,corkyd,corkyd,2018-07-15 07:08:00,0,0,FLASH TECHNOLOGY TOWER SAFETY OBSTRUCTION LIGHTING Radio Cell Light Assembly Best Ever ! # towersafety # safetylighting # safetytechnologyhttps://ebay.to/2zF8BmL,,,# # #,1.02e+18,https://twitter.com/corkyd/status/1018452315089588225,161,1
303,Drachmae Project,E_Drachma,2017-04-14 07:57:00,0,0,"Global LED Obstruct Lighting Market 2017 - Carmanah Technologies, Hughey & Phillips, Dialight, Flash Technology (SPX), Avlite, Orga Aviat... pic.twitter.com/v0npl7qXHr",,,,8.53e+17,https://twitter.com/E_Drachma/status/852853421015224320,167,0
304,Patricia W. Adam,patriciawadam,2017-02-11 13:58:00,0,0,Flash Technology FH 3620 FH3620 LED Medium Intensity Obstruction Lighting System https://goo.gl/fb/HMtH52,,,,8.3e+17,https://twitter.com/patriciawadam/status/830491260934828032,105,0
305,IT Jobs Tennessee,ITTennessee,2017-12-29 07:14:00,0,0,"Tech Support Analyst: Job Summary About Flash Technology Flash Technology, an SPX Corporation business, provides certified FAA obstruction lighting systems, tower lights, and monitoring equipment to the telecom,‚Ä¶ http://tw.eet.link/Q84GkJ # IT # job # hiring # IT # techjob # ITJob",,,# # # # # #,9.47e+17,https://twitter.com/ITTennessee/status/946715952686686208,281,0
306,Opine‚öõÔ∏èENERGY,opineENERGY,2017-12-11 05:34:00,0,0,"PRESS RELEASE ¬ª LED Obstruct Lighting Market: (Carmanah Technologies, Hughey & Phillips, Dialight, Avlite, Flash Technology) ‚Äì EMEA (Europe, Middle East And Africa) Industry Analysis, Size, Share, Growth, Trends and Forecast 2017 ‚Äì 2022 http://ift.tt/2A9vpXN # Opines on #‚Ä¶",,,# #,9.4e+17,https://twitter.com/opineENERGY/status/940168026229559297,273,0
307,People Exclusive,PeoplExclusive,2017-11-18 03:04:00,0,0,"Global LED Obstruct Lighting Market-KeyPlayers: Flash Technology (SPX), Dialight, Avlite, Hughey & Phillips and‚Ä¶ http://peopleexclusive.com/global-led-obstruct-lighting-market-keyplayers/ ‚Ä¶",,,,9.32e+17,https://twitter.com/PeoplExclusive/status/931795272069459968,189,0
308,Patricia W. Adam,patriciawadam,2017-03-21 04:43:00,0,0,FLASH TECHNOLOGY FH3620-2 TOWER SAFETY LED OBSTRUCTION LIGHTING Radio https://goo.gl/fb/sJvlhb,,,,8.44e+17,https://twitter.com/patriciawadam/status/844107067380158464,94,0
309,Radio magazine,Radiomagazine,2013-05-10 11:37:00,0,0,Flash Technology FTS 370w: Solid-state tower lighting and 2013 Pick Hit Award Winner http://bit.ly/15Ug4ZD,,,,3.33e+17,https://twitter.com/Radiomagazine/status/332882150099677184,106,0
310,Cyrulah,Millennial_Rule,2011-05-20 14:56:00,0,0,Flash Technology Launches DC-Powered Meteorological Lighting Package - North American Windpower: Flash Technolog... http://bit.ly/lLdUi2,,,,7.17e+16,https://twitter.com/Millennial_Rule/status/71650437610209280,136,0
311,Bill Moore,TheSolarTech,2009-06-22 11:49:00,0,0,"Flash Technology To Provide Lighting For John Deere Wind Energy: based Flash Technology, an SPX subsidiary, has committe http://url4.eu/18RD",,,,2280426176.0,https://twitter.com/TheSolarTech/status/2280426176,140,0
