username,user_handle,date,retweets,favorites,text,geological_location,mentions,hashtags,tweet_id,permalink
Flash Technology,flashtechnology,12/18/2017 10:45,2,10,I'm dreaming of white Christmas Just like the ones I used to know Where the Flash beacon glistens & Keeps airplanes flying safe in the snow I'm dreaming of a white Christmas With every climb I make on site If you join our VIP program You can trust the job will be done right pic.twitter.com/tSI1u6s5fY,,,,9.43E+17,https://twitter.com/flashtechnology/status/942782787404337153
Flash Technology,flashtechnology,12/13/2017 10:25,2,9,We don‚Äôt have a chimney and these aren‚Äôt exactly stockings. But they were hung with care!pic.twitter.com/0HYqqBqLly,,,,9.41E+17,https://twitter.com/flashtechnology/status/940965812482998272
Flash Technology,flashtechnology,5/15/2018 10:17,0,7,"Last Tuesday, Flash Field Services held our # OSHA # StandDown4Safety. Safety is more than training, rigging & site inspections. Ensure your trucks are in good condition & practice driver safety awareness. Crews can encounter any number of surprises on the road to/from job sites.pic.twitter.com/A5VeZXYCXF",,,# #,9.96E+17,https://twitter.com/flashtechnology/status/996394192527085568
Flash Technology,flashtechnology,11/20/2017 10:12,2,6,"Downtown Nashville at night from @ MusicCityAerial, with our own Vanguard¬Æ Medium system lighting the @ Westin Nashville!pic.twitter.com/Ns5egBCipX",,@ @,,9.33E+17,https://twitter.com/flashtechnology/status/932627613780082689
Flash Technology,flashtechnology,9/7/2017 10:27,1,6,"With the recent devastation from # Harvey and now # Irma, don't wait to make your family emergency plan. # natlprep # planaheadhttps://twitter.com/Readygov/status/903594529286230016 ‚Ä¶",,,# # # #,9.06E+17,https://twitter.com/flashtechnology/status/905799800569847808
Flash Technology,flashtechnology,5/29/2018 13:01,0,6,"In the 3rd annual Flash # fooddrive, our staff donated a total of 980 pounds of food for GraceWorks Ministries! # giveback # payitforwardpic.twitter.com/Q0k44UJuT2",,,# # #,1.00E+18,https://twitter.com/flashtechnology/status/1001508902926798849
Flash Technology,flashtechnology,1/31/2018 13:57,0,6,"A sleepy coastal town in northeastern Brazil, S√£o Bento do Norte is home to about 3,000 residents. The district also hosts a 94 MW wind complex with 47 Vestas turbines. The farm is lit with our ICAO-compliant FTS 370d Vanguard Medium obstruction lighting system.pic.twitter.com/tISlN3XHBZ",,,,9.59E+17,https://twitter.com/flashtechnology/status/958776239589793792
Flash Technology,flashtechnology,9/20/2017 10:23,2,5,A # towerclimber scales Willis Tower's antennas every 18 months to maintain Flash's FTB 204 and FTB 302 white xenon tower lights! # flashaboutpic.twitter.com/XeLlJzq84u,,,# #,9.11E+17,https://twitter.com/flashtechnology/status/910509640450035712
Flash Technology,flashtechnology,4/17/2018 12:01,1,5,Stop by to see Gary and Mark in booth 17! # stac2018https://twitter.com/STAC_CSPA/status/986271848936689664 ‚Ä¶,,,#,9.86E+17,https://twitter.com/flashtechnology/status/986273575769260033
Flash Technology,flashtechnology,2/21/2018 19:16,1,5,"Connor enjoyed discussing obstructed beacons and nesting this afternoon at # nateunite2018. If you missed it and want to learn more, please let us know. @ NATEsafety # nateunite # faalighting # gaylordopryland # nashvillepic.twitter.com/OLekrSwF5n",,@,# # # # #,9.66E+17,https://twitter.com/flashtechnology/status/966466587355119616
Flash Technology,flashtechnology,5/21/2018 16:41,1,5,"We had a great time visiting with golfers as they passed by our tee tent at @ NorthStoneClub @ WIAorg's @ ConnectX_USA golf outing today. If you're not already signed up for a private meeting on Tuesday or Wednesday, please let us know!pic.twitter.com/aBiNirGmxw",,@ @ @,,9.99E+17,https://twitter.com/flashtechnology/status/998665042814894080
Flash Technology,flashtechnology,5/10/2018 8:48,1,5,"Last day for exhibits at # utctnt in Palm Springs! Make sure to stop by booth 610 for a demo. Wade, Mitch and Ivor can also explain how # FAA EB 98 may impact your sites. # tnt2018 # utilitytelecom # infraredlightingpic.twitter.com/UC7yXysDtw",,,# # # # #,9.95E+17,https://twitter.com/flashtechnology/status/994559792965472256
Flash Technology,flashtechnology,8/23/2017 9:45,1,5,It's been a busy few weeks. Shipping has looked like this a lot lately. Thank you for the trust you clearly place in our team and products.pic.twitter.com/jA1OKThH9u,,,,9.00E+17,https://twitter.com/flashtechnology/status/900353213680844802
Flash Technology,flashtechnology,5/1/2018 10:01,0,5,"Camaraderie. It‚Äôs what you find here at Flash, making it a # greatplacetowork. Just ask the folks celebrating a 10+ year # workanniversary! Michael - 17 yrs | Shawn - 15 yrs | Joe - 13 yrs | Tammi - 12 yrs | Scott - 10 yrs Michael's 2005 # selfie from atop an Idaho # windturbinepic.twitter.com/7dNZubIH6K",,,# # # #,9.91E+17,https://twitter.com/flashtechnology/status/991316661696389120
Flash Technology,flashtechnology,3/7/2018 11:44,0,5,"Gary Chiasson joins the panel for Towers: More Rules? New Rules? Better Rules?"" today at 11:45am Eastern in room N320EF at @ IWCEexpo. Can't make the session? Then be sure to stop by booth 1064 to see Gary and Jason for an in-person demo and a free shirt (while supplies last)!pic.twitter.com/SGXwQ51ft0""",,@,,9.71E+17,https://twitter.com/flashtechnology/status/971426421255168003
Flash Technology,flashtechnology,2/7/2018 11:26,2,4,"Bill often has his head in a piece of equipment. To train others, he needs to completely understand our # obstructionlighting systems. Need Flash LED training? Space is still available in both # NATEUNITE2018 classes. Sign up today: http://ow.ly/OBvo30iga48 @ NATEsafetypic.twitter.com/V9yzz63htN",,@,# #,9.61E+17,https://twitter.com/flashtechnology/status/961274942393323520
Flash Technology,flashtechnology,2/28/2018 11:19,2,4,Loved listening to # nate keynote speaker @ ESPNDrLou last week. # Positivity is always an asset. # nateunite2018 # wisdomwednesdaypic.twitter.com/1cbCAZ6E0l,,@,# # # #,9.69E+17,https://twitter.com/flashtechnology/status/968883375183458304
Sioux Falls Tower,SiouxFallsTower,7/11/2018 17:30,1,4,"Great to have our friends from Flash Technology at our new office and training center this afternoon. Always good to have folks drop by! PC: Connor Costello, Craig Snyder, Wade Collins # SFTower2018 # FlashTechnology pic.twitter.com/RHGTmzelqm",,,# #,1.02E+18,https://twitter.com/SiouxFallsTower/status/1017159302090551297
Sioux Falls Tower,SiouxFallsTower,7/11/2018 17:30,1,4,"Great to have our friends from Flash Technology at our new office and training center this afternoon. Always good to have folks drop by! PC: Connor Costello, Craig Snyder, Wade Collins # SFTower2018 # FlashTechnologypic.twitter.com/RHGTmzelqm",,,# #,1.02E+18,https://twitter.com/SiouxFallsTower/status/1017159302090551297
Flash Technology,flashtechnology,12/21/2017 10:05,1,4,One of the real joys of the holiday season is to say thank you and to wish you a New Year filled with peace and happiness. # happyholidays # merrychristmas # happynewyearpic.twitter.com/68TUOYTpnO,,,# # #,9.44E+17,https://twitter.com/flashtechnology/status/943859899364204544
Flash Technology,flashtechnology,1/3/2018 10:45,1,4,Happy # workanniversary to these great guys. Thank you for being integral parts of the Flash # workfamily for all these years! Kevin Kennemer ‚Äì 20 years |Freddy Camacho ‚Äì 15 years |Steve Slack ‚Äì 12 yearspic.twitter.com/7U1iOVPd4e,,,# #,9.49E+17,https://twitter.com/flashtechnology/status/948580988271104002
Flash Technology,flashtechnology,11/30/2017 10:35,1,4,Don't get stuck on site. Enroll in our new VIP or TLC # obstructionlight maintenance programs. http://ow.ly/fOSY30gRR96 # towerlighting # windturbine # celltowerpic.twitter.com/jFHDpedZAB,,,# # # #,9.36E+17,https://twitter.com/flashtechnology/status/936257288351944705
Flash Technology,flashtechnology,9/14/2017 10:25,1,4,Thanks to all of you that were able to stop by our client appreciation event at # MWCA17 Tuesday evening!pic.twitter.com/UnhufzauE2,,,#,9.08E+17,https://twitter.com/flashtechnology/status/908335822977552384
Flash Technology,flashtechnology,11/30/2017 10:35,1,4,Don't get stuck on site. Enroll in our new VIP or TLC # obstructionlight maintenance programs. http://ow.ly/fOSY30gRR96 # towerlighting # windturbine # celltowerpic.twitter.com/jFHDpedZAB,,,# # # #,9.36E+17,https://twitter.com/flashtechnology/status/936257288351944705
Sioux Falls Tower,SiouxFallsTower,7/11/2018 17:30,1,4,"Great to have our friends from Flash Technology at our new office and training center this afternoon. Always good to have folks drop by! PC: Connor Costello, Craig Snyder, Wade Collins # SFTower2018 # FlashTechnology pic.twitter.com/RHGTmzelqm",,,# #,1.02E+18,https://twitter.com/SiouxFallsTower/status/1017159302090551297
Flash Technology,flashtechnology,7/12/2018 10:31,0,4,"Thank you, Craig ( @ SiouxFallsTower), for giving Connor and Wade a tour of your corporate office and new state-of-the-art training center. Amazing! # towerclimber # towersafetypic.twitter.com/LHeQI0pYKX",,@,# #,1.02E+18,https://twitter.com/flashtechnology/status/1017416185015513088
Flash Technology,flashtechnology,4/6/2018 13:03,0,4,Wade and Amanda enjoyed @ talking_stickgc with @AZWirelessAssocand @ CrownCastle yesterday. The 11th annual charity # golftournament benefits @ DSNetworkAZ # givebackpic.twitter.com/zusfr2lTFk,,@ @AZWirelessAssocand @ @,# #,9.82E+17,https://twitter.com/flashtechnology/status/982302726389248000
Flash Technology,flashtechnology,2/15/2018 11:23,0,4,"Vanguard Medium FTS 370d is ready for # nateunite2018, as are Jared, Jason, Brooke and the rest of the team. Be sure to stop by booth 302 for a FREE moisture-wicking Flash crewneck! (First-come, first-served. While quantities last.) # nate # nateunitepic.twitter.com/aWwMi5DEE8",,,# # #,9.64E+17,https://twitter.com/flashtechnology/status/964173368399450113
Flash Technology,flashtechnology,10/24/2017 11:03,0,4,"Flash and friends at the AOWA 12th annual charity event last week, benefiting @ FoldsofHonor # flashabout # giveback # wirelesspic.twitter.com/WCabDTqrLa",,@,# # #,9.23E+17,https://twitter.com/flashtechnology/status/922841077488402432
Flash Technology,flashtechnology,7/12/2018 10:31,0,4,"Thank you, Craig ( @ SiouxFallsTower), for giving Connor and Wade a tour of your corporate office and new state-of-the-art training center. Amazing! # towerclimber # towersafetypic.twitter.com/LHeQI0pYKX",,@,# #,1.02E+18,https://twitter.com/flashtechnology/status/1017416185015513088
Emily Dresch,DreschEmily,10/2/2015 12:25,3,3,# MFGDay15 learning about tower lighting at Flash Technology @ williamson_incpic.twitter.com/lGztSMDzGa,,@,#,6.50E+17,https://twitter.com/DreschEmily/status/649983660754632705
Emily Dresch,DreschEmily,10/2/2015 12:25,3,3,# MFGDay15 learning about tower lighting at Flash Technology @ williamson_incpic.twitter.com/lGztSMDzGa,,@,#,6.50E+17,https://twitter.com/DreschEmily/status/649983660754632705
Cardwave,cardwave_svs,10/6/2014 6:55,3,3,Cardwave - making flash technology work for you - a light-hearted video: http://youtu.be/z26AsRTKjD4 via @ YouTube # video # flashtechnology,,@,# #,5.19E+17,https://twitter.com/cardwave_svs/status/519078384245014532
Flash Technology,flashtechnology,1/11/2018 10:00,2,3,"Ensuring your towers comply with FAA regs can be confusing. To help, we've launched a new lighting finder tool. Use your FCC Antenna Structure Registration info to find discover which Flash # obstructionlighting products may be appropriate for your site! http://ow.ly/Ik2i30hFJxF pic.twitter.com/J5suA76kw8",,,#,9.51E+17,https://twitter.com/flashtechnology/status/951468967260049409
Flash Technology,flashtechnology,6/3/2017 13:48,2,3,Flash's lone @ penguins fan tries to score on our @ PredsNHL goalie. Looking forward to home ice tonight! # StandWithUs # PitvsNsh # GoPredspic.twitter.com/eOLWKJOVDm,,@ @,# # #,8.71E+17,https://twitter.com/flashtechnology/status/871060944696332290
Flash Technology,flashtechnology,5/2/2017 8:30,2,3,Don't forget to sign up for Thursday's # faalighting webinar! FREE for @ UTCNow members! (Reg works on desktop only.) http://ow.ly/tKSG30bhd4H pic.twitter.com/y1sc2n7DPF,,@,#,8.59E+17,https://twitter.com/flashtechnology/status/859384659523899393
Flash Technology,flashtechnology,4/18/2018 11:18,1,3,"Today is the last day of @ STAC_CSPA exhibits. Gary and Stewart ( @ CarmanahTech) are in booth #17, ready to discuss all your # CAR621 # obstaclelight needs. # STAC2018pic.twitter.com/crZsVgTCzs",,@ @,#17 # # #,9.87E+17,https://twitter.com/flashtechnology/status/986625034721558529
Flash Technology,flashtechnology,1/24/2018 15:04,1,3,"Last week, Flash joined @ CTI_Towers in the fanboni at the @ NEIAWireless ‚ÄúCrash the Glass‚Äù winter # fundraiser in Des Moines, IA. Benefitting @ ProjectHarmony2, an Omaha-based nonprofit encourages families to make proactive choices in protecting and safeguarding children.pic.twitter.com/BAZRihK0nG",,@ @ @,#,9.56E+17,https://twitter.com/flashtechnology/status/956256289570648065
Flash Technology,flashtechnology,2/2/2018 10:00,1,3,Thank you to these fine men who are celebrating more than 10 years with Flash! Mark Lane (18 years) | Jim Brown (18 years) | Randy Leggett (18 years) | Russ Bruner (11 years) This month's image is from Mark's 2008 site visit to @ FreeportLNG in @ cityof_freeport.pic.twitter.com/YaWgFKplph,,@ @,,9.59E+17,https://twitter.com/flashtechnology/status/959441445894742017
Flash Technology,flashtechnology,9/13/2017 11:54,1,3,Engineer Scott Fulton discusses # obstructionlighting & # engineeringcareers with # engineeringstudents at @ lipscomb this morning. # flashaboutpic.twitter.com/968qP1PmcD,,@,# # # #,9.08E+17,https://twitter.com/flashtechnology/status/907995944016216065
StorageCraft,StorageCraft,4/24/2018 17:20,0,3,"In the world of # technology, all-flash # storage is seen as being in the ivory tower & still the purview of high-end # primary # applications & larger companies. It's now time for # flash to become available to all # markets. Check out our full blog post here: http://okt.to/EcVIVF pic.twitter.com/m8DPWTwoZQ",,,# # # # # #,9.89E+17,https://twitter.com/StorageCraft/status/988890332732559361
Flash Technology,flashtechnology,7/6/2018 10:40,0,3,"North of Kabul, Bagram Airfield is the largest US military base in Afghanistan. Erected during the Cold War, the orig runway is a 10,000-ft long dual runway capable of handling any size military aircraft. Bagram AFB runways are marked with Flash's FTS 830 airport lighting system. pic.twitter.com/3SwiRby6jc",,,,1.02E+18,https://twitter.com/flashtechnology/status/1015244142304210944
Flash Technology,flashtechnology,6/25/2018 11:05,0,3,Had a great time with @ al_wireless last week at their charity golf tourney at @ RTJOxmoorValley!pic.twitter.com/OXdNwXptbM,,@ @,,1.01E+18,https://twitter.com/flashtechnology/status/1011264038553227264
Flash Technology,flashtechnology,1/15/2018 10:25,0,3,"In memory of MLK, Jr. # mondaymotivation # climbhigherpic.twitter.com/LsHvlJXqUF",,,# #,9.53E+17,https://twitter.com/flashtechnology/status/952924636785922048
Flash Technology,flashtechnology,6/6/2018 10:56,0,3,"Forklift & pedestrian pathways. Padded rubber mats to reduce joint stress & electrical shock. Free # safety goggles. Regular training. We encourage # safepractices in # manufacturing. As a result, we‚Äôre 1 of 36 TN sites to earn # TOSHA Volunteer STAR cert! http://ow.ly/wVWM30kmPFj pic.twitter.com/Xy1RINChk6",,,# # # #,1.00E+18,https://twitter.com/flashtechnology/status/1004376399786856448
Flash Technology,flashtechnology,1/16/2018 10:00,0,3,"Snowy Tuesday here in Middle Tennessee. Wherever you are today, stay safe and warm! # snowday # winterwonderlandpic.twitter.com/RCh55wRmSO",,,# #,9.53E+17,https://twitter.com/flashtechnology/status/953280681152532480
Flash Technology,flashtechnology,1/9/2018 10:04,0,3,"Currently the 2nd widest bridge in the world, the @ PortMannBridge spans the # FraserRiver to connect cities within metro @ Vancouver British Columbia. The structure is lit by an FTB 225 xenon lighting system. : Dave with Cobra Electric # bridgelighting # obstructionlightingpic.twitter.com/DUTJky2s85",,@ @,# # #,9.51E+17,https://twitter.com/flashtechnology/status/950745090724593664
Flash Technology,flashtechnology,10/19/2017 10:26,0,3,"Awesome # airportlighting training class at @ FlyYQR in Regina, SK. Fly a lifesize # RCMP Sergeant Bullmoose to us in TN! # flashaboutpic.twitter.com/wdb7wm5EEp",,@,# # #,9.21E+17,https://twitter.com/flashtechnology/status/921019797705551872
Flash Technology,flashtechnology,9/22/2017 11:55,0,3,Fri-nally and Fall! Happy Fall and TGIF from your friends at Flash! pic.twitter.com/y5XBfnF3u2,,,,9.11E+17,https://twitter.com/flashtechnology/status/911257693536620545
Flash Technology,flashtechnology,6/19/2017 13:02,0,3,"Buying parts on Amazon is easier than going through email and dealing with P.O.'s."" Visit our Amazon storefront at http://ow.ly/jja530cIoQM""",,,,8.77E+17,https://twitter.com/flashtechnology/status/876847669565673472
Flash Technology,flashtechnology,5/23/2017 13:40,0,3,Loving @ AWEA # windpower2017 in beautiful @ City_of_Anaheim. Swing by booth 3609 for an FTS 370i or OL800 demo. # flashaboutpic.twitter.com/xZzSdczeug,,@ @,# #,8.67E+17,https://twitter.com/flashtechnology/status/867072724425785344
Flash Technology,flashtechnology,5/22/2017 18:35,0,3,The team had a great time on the links at @ RosenHotels today. A wonderful way to kick off # WIS2017! # flashaboutpic.twitter.com/d4VX2cYheB,,@,# #,8.67E+17,https://twitter.com/flashtechnology/status/866784500453302272
Flash Technology,flashtechnology,10/14/2016 10:50,0,3,Learning about # watts # candella and # lumens with # pagehighschool # williamson_inc # MFGDAY16 # ManufacturingDay # flashaboutpic.twitter.com/XOCUsboDav,,,# # # # # # # #,7.87E+17,https://twitter.com/flashtechnology/status/786942203214127104
Flash Technology,flashtechnology,9/28/2016 12:50,0,3,Gary is ready for # CANEW with an # FTS800 # airportbeacon - Let's discuss your # airportlighting or # heliportlighting needs!pic.twitter.com/BTZQmc9ZBy,,,# # # # #,7.81E+17,https://twitter.com/flashtechnology/status/781174145073618944
Flash Technology,flashtechnology,7/6/2018 10:40,0,3,"North of Kabul, Bagram Airfield is the largest US military base in Afghanistan. Erected during the Cold War, the orig runway is a 10,000-ft long dual runway capable of handling any size military aircraft. Bagram AFB runways are marked with Flash's FTS 830 airport lighting system. pic.twitter.com/3SwiRby6jc",,,,1.02E+18,https://twitter.com/flashtechnology/status/1015244142304210944
Flash Technology,flashtechnology,10/19/2017 10:26,0,3,"Awesome # airportlighting training class at @ FlyYQR in Regina, SK. Fly a lifesize # RCMP Sergeant Bullmoose to us in TN! # flashaboutpic.twitter.com/wdb7wm5EEp",,@,# # #,9.21E+17,https://twitter.com/flashtechnology/status/921019797705551872
Flash Technology,flashtechnology,9/28/2016 12:50,0,3,Gary is ready for # CANEW with an # FTS800 # airportbeacon - Let's discuss your # airportlighting or # heliportlighting needs!pic.twitter.com/BTZQmc9ZBy,,,# # # # #,7.81E+17,https://twitter.com/flashtechnology/status/781174145073618944
Flash Technology,flashtechnology,5/31/2018 15:18,1,2,Cool treats from @ BradleysCreamry a hot day for our hardworking staff!pic.twitter.com/02U8kFHp0i,,@,,1.00E+18,https://twitter.com/flashtechnology/status/1002268070625398785
Flash Technology,flashtechnology,5/8/2018 10:45,1,2,". @ AWEA # WINDPOWER2018 exhibits are open! Stop by booth #3017 for a live demo of the FTS 370i, FTS 371 SMART OL2 and OL800. # windpower # windturbinelighting # windenergy # aweapic.twitter.com/dSMNtBFt7b",,@,# #3017 # # # #,9.94E+17,https://twitter.com/flashtechnology/status/993864531112701952
Flash Technology,flashtechnology,8/11/2017 9:45,1,2,"Flash is proud to support @ MusicMvmt, and thanks Amanda O'Connor and Wade Collins for representing the company at the event.pic.twitter.com/X0zaLs2xpA",,@,,8.96E+17,https://twitter.com/flashtechnology/status/896004640742965249
Spares in Motion,SparesinMotion,10/29/2014 5:52,0,2,Welcome tp SPX Flash Technology from the US with Aviation Warning Lights for # Windturbines on http://SparesInMotion.com http://bit.ly/ZZ84Fa,,,#,5.27E+17,https://twitter.com/SparesinMotion/status/527397553352892416
Flash Technology,flashtechnology,6/27/2018 13:00,0,2,Amusement park rides of a certain height are obstructions to be marked. And Flash is proud to have a Vanguard¬Æ Medium FTS 370d LED obstruction lighting system sitting atop the Cedar Point WindSeeker! Check out the ride & the light in action: https://youtu.be/CKJsRF-HeG8,,,,1.01E+18,https://twitter.com/flashtechnology/status/1012017825542803457
Flash Technology,flashtechnology,12/28/2017 10:20,0,2,Working on your New Year # resolutions? Keep in mind these wise words from # CSLewis . # HappyNewYear!pic.twitter.com/nwRwPf6c1v,,,# # #,9.46E+17,https://twitter.com/flashtechnology/status/946400508373295104
Flash Technology,flashtechnology,6/22/2018 10:59,0,2,"Despite their best efforts, our Tech Support team could not make this system flash at 30 flashes per minute. Houston, here‚Äôs your problem. pic.twitter.com/r3dWxHhvi7",,,,1.01E+18,https://twitter.com/flashtechnology/status/1010175326595534848
Flash Technology,flashtechnology,2/20/2018 15:41,0,2,Connor and Mitch are catching up on emails and orders while waiting on # nateunite2018 exhibits to open. Make sure to store by and see us in booth 302!pic.twitter.com/Eu3lrtApxJ,,,#,9.66E+17,https://twitter.com/flashtechnology/status/966050199629127689
Flash Technology,flashtechnology,6/6/2017 10:27,0,2,Should you refile under 1L? Understand the factors before deciding on a refile in the June issue of @ AGLMediaGrp.http://ow.ly/KADf30cmqug,,@,,8.72E+17,https://twitter.com/flashtechnology/status/872097718163976196
Flash Technology,flashtechnology,5/18/2017 13:13,0,2,Beautiful day for the @ CWAssociation 12th Annual Charity Golf Tournament at @ PinehurstResort # flashaboutpic.twitter.com/ymSdv8YaXS,,@ @,#,8.65E+17,https://twitter.com/flashtechnology/status/865253978035994624
Flash Technology,flashtechnology,4/18/2017 9:45,0,2,FREE FAA lighting webinar for @ UTCNow members on 5/4. Understand FAA lighting changes & get questions. Sign up at http://ow.ly/tMiW30aVOc7,,@,,8.54E+17,https://twitter.com/flashtechnology/status/854329987687731201
Flash Technology,flashtechnology,3/8/2017 13:10,0,2,MKR371 features an access port for easier wiring & accurate monitoring of flashing low-power markers in all weatherhttp://ow.ly/SWDc309I0BI,,,,8.40E+17,https://twitter.com/flashtechnology/status/839538750837383168
Flash Technology,flashtechnology,2/14/2017 10:17,0,2,"How do our lighting systems feel after a good install? Happy Valentines Day, friends!pic.twitter.com/NPz3r95rFm",,,,8.32E+17,https://twitter.com/flashtechnology/status/831522751760437248
Flash Technology,flashtechnology,6/6/2016 9:45,0,2,A little # MotivationMonday for # TowerClimbers everywhere!pic.twitter.com/aAcUV6IJP9,,,# #,7.40E+17,https://twitter.com/flashtechnology/status/739815408585314304
Flash Technology,flashtechnology,3/29/2018 12:12,0,2,12 # USAF # KC135 # Stratotankers assigned to the 100th Air Refueling Wing taxi down the runway at # rafmildenhall. This # elephantwalk demonstrates the readiness to provide global air refueling support at short notice. RAF Mildenhall employs our FTS 800 # ALSF. # airportlighting pic.twitter.com/7Tbsf1pWqf,,,# # # # # # #,9.79E+17,https://twitter.com/flashtechnology/status/979390737178681344
Spares in Motion,SparesinMotion,10/29/2014 5:52,0,2,Welcome tp SPX Flash Technology from the US with Aviation Warning Lights for # Windturbines on http://SparesInMotion.com http://bit.ly/ZZ84Fa,,,#,5.27E+17,https://twitter.com/SparesinMotion/status/527397553352892416
Lance Jepsen,lancejepsen,6/11/2017 13:08,3,1,7 Minutes of Horror From Friday's Flash Crash In Technology $ SPX $ SPY # nasdaq # stockmarket # stocktrading https://goo.gl/kygzZ9 pic.twitter.com/zMZfONGfCw,,,# # #,8.74E+17,https://twitter.com/lancejepsen/status/873950068839129088
Flash Technology,flashtechnology,4/24/2018 10:00,2,1,"Do you service xenon lighting equipment? Ever replaced a timing and trigger board, and didn't know how to program it? If this sounds like you, check out our latest Flash University video. Bill walks us through the process using Tech Eagle. https://youtu.be/BjM_-pBDVAo",,,,9.89E+17,https://twitter.com/flashtechnology/status/988779733352632320
Corus360,Corus360,3/28/2013 11:09,1,1,Flash Technology explained in less than 5 minutes! http://www.emc.com/collateral/demos/microsites/mediaplayer-video/flash-technology-emc.htm ‚Ä¶ # EMC # FlashTechnology,,,# #,3.17E+17,https://twitter.com/Corus360/status/317292356154040321
Flash Technology,flashtechnology,8/22/2016 11:21,1,1,Coming to @ CTIAShows? Visit us in booth 4548 if you have questions on # FAA AC 70-7460-1L or lighting reqs on structures below 200‚Ä≤ AGL.,,@,#,7.68E+17,https://twitter.com/flashtechnology/status/767743399986204672
Flash Technology,flashtechnology,5/19/2016 9:28,1,1,Looking forward to seeing everyone next week at @PCIA in Dallas! # wishow,,@PCIA,#,7.33E+17,https://twitter.com/flashtechnology/status/733288237569990657
Corus360,Corus360,3/28/2013 11:09,1,1,Flash Technology explained in less than 5 minutes! http://www.emc.com/collateral/demos/microsites/mediaplayer-video/flash-technology-emc.htm ‚Ä¶ # EMC # FlashTechnology,,,# #,3.17E+17,https://twitter.com/Corus360/status/317292356154040321
Flash Technology,flashtechnology,7/11/2018 11:18,0,1,Discover best practices for installing the Vanguard¬Æ Medium FTS 370d obstruction lighting system.https://youtu.be/fWKAkd0oLZU,,,,1.02E+18,https://twitter.com/flashtechnology/status/1017065550650933248
Michael Smith,LIGHTINGAGENT,5/20/2017 14:13,0,1,"Global LED Obstruct Lighting Market-Flash Technology (SPX), Obelux, Dialight, TRANBERG - Publicist Report - Market Research News by Market.‚Ä¶",,,,8.66E+17,https://twitter.com/LIGHTINGAGENT/status/865993821888405504
ZipRecruiter Jobs,ZRJobs,12/28/2015 13:48,0,1,"SPX Flash Technology is # hiring Regional Sales Manager in Franklin, TN http://ziprecruiter.com/tj/ebdda538 # jobs # Franklin # Sales # BizDev",,,# # # # #,6.82E+17,https://twitter.com/ZRJobs/status/681547377031950341
Flash Technology,flashtechnology,7/11/2018 11:18,0,1,Discover best practices for installing the Vanguard¬Æ Medium FTS 370d obstruction lighting system. https://youtu.be/fWKAkd0oLZU,,,,1.02E+18,https://twitter.com/flashtechnology/status/1017065550650933248
Genesis Lamp,GenesisLampCorp,10/12/2017 15:34,0,1,Flash Technology‚Äôs Vanguard LED obstruction lighting system http://sumo.ly/HdLt via @ Windpower_Eng,,@,,9.19E+17,https://twitter.com/GenesisLampCorp/status/918560423028383746
Healthy 44 Care,H44Care,1/11/2018 11:26,0,1,Flash Technology FTB324-3 Tower light system FAA L-864/L-865 FH324 strobe/LED http://leto.steinstone.info/US/categories/twt/?item=332517299266 ‚Ä¶,,,,9.51E+17,https://twitter.com/H44Care/status/951490461616754688
Patricia W. Adam,patriciawadam,3/26/2017 15:20,0,1,Tower Lighting !!!! Vanguard Led Series By Flash Technology FTS 370d https://goo.gl/fb/UEKBlT,,,,8.46E+17,https://twitter.com/patriciawadam/status/846079320384716800
Tech Daily,TechDailyNow,2/18/2016 2:26,0,1,Eiffel Tower Flash Drive (8 GB) where can I buy this? - # tech # technews # technology http://techdaily.xyz/eiffel-tower-flash-drive-8-gb-where-can-i-buy-this/ ‚Ä¶pic.twitter.com/4mnQxLn7x6,,,# # #,7.00E+17,https://twitter.com/TechDailyNow/status/700219876678463488
Patricia W. Adam,patriciawadam,3/26/2017 15:20,0,1,Tower Lighting !!!! Vanguard Led Series By Flash Technology FTS 370d https://goo.gl/fb/UEKBlT,,,,8.46E+17,https://twitter.com/patriciawadam/status/846079320384716800
Michael Smith,LIGHTINGAGENT,5/20/2017 14:13,0,1,"Global LED Obstruct Lighting Market-Flash Technology (SPX), Obelux, Dialight, TRANBERG - Publicist Report - Market Research News by Market.‚Ä¶",,,,8.66E+17,https://twitter.com/LIGHTINGAGENT/status/865993821888405504
Flash Technology,flashtechnology,6/19/2018 11:08,0,1,SET IT & FORGET IT with the Vanguard¬Æ Inclusive Program (VIP): - Capital expense model ‚Äî no operating expenses -Predictable budgeting ‚Äî one-time flat rate fee -For new & existing Vanguard lighting systems -5-year parts & labor warranty on new systems http://ow.ly/QjwL30kzcfG pic.twitter.com/R5mDpWajgZ,,,,1.01E+18,https://twitter.com/flashtechnology/status/1009090589848203264
Flash Technology,flashtechnology,4/9/2018 10:10,0,1,Obstruction lighting systems ship with a variety of tape. Ensure you understand why and how to properly secure cables to the tower using the 2-3-4 tape method.https://youtu.be/PLGOeuxTP4U,,,,9.83E+17,https://twitter.com/flashtechnology/status/983346449810259970
Flash Technology,flashtechnology,8/14/2017 11:05,0,1,BKK was the world's most popular Instagram photo site in 2012. Bet none of them captured our FTS 800 though!http://ow.ly/tY5T30elGgR,,,,8.97E+17,https://twitter.com/flashtechnology/status/897111863535828992
Flash Technology,flashtechnology,4/5/2017 11:48,0,1,Bill shows us how to identify failures in the FTB 324x high voltage circuit using three isolation steps. https://youtu.be/RewYWt6hDjA # flashabout,,,#,8.50E+17,https://twitter.com/flashtechnology/status/849650077324922883
Flash Technology,flashtechnology,2/2/2017 11:18,0,1,Enjoyed spending time with # teammillerco at a recent 2-day # flashuniversity individual certification class. # flashaboutpic.twitter.com/8ScsBxvhBV,,,# # #,8.27E+17,https://twitter.com/flashtechnology/status/827189571091841025
Flash Technology,flashtechnology,1/12/2017 16:15,0,1,Excited to host @ NATEsafety FREE fall prevention training on 3/9. Register at http://ow.ly/7ABS307WNI8 # knowsafetynoaccidents # towerclimber,,@,# #,8.20E+17,https://twitter.com/flashtechnology/status/819653982876561410
Flash Technology,flashtechnology,12/25/2016 7:55,0,1,Thank you for your friendship and business. We hope you have the happiest of holidays!pic.twitter.com/yknv0TfySh,,,,8.13E+17,https://twitter.com/flashtechnology/status/813005169046786048
Flash Technology,flashtechnology,9/22/2016 10:10,0,1,Thanks to all of you that were able to stop by our # summerof69 client appreciation event at # supermobility last week!pic.twitter.com/obhBRuZY6B,,,# #,7.79E+17,https://twitter.com/flashtechnology/status/778959682530643969
Flash Technology,flashtechnology,9/20/2016 14:58,0,1,We are proud to announce that Field Services is now certified by the NATE STAR initiative!http://ow.ly/ZdOL304oFNU,,,,7.78E+17,https://twitter.com/flashtechnology/status/778307342773391362
Flash Technology,flashtechnology,8/17/2016 6:25,0,1,EMI issues on comm towers can be difficult to troubleshoot. Good install habits are the best preventative measure.http://ow.ly/8SyG303gnkK,,,,7.66E+17,https://twitter.com/flashtechnology/status/765856999896707072
Flash Technology,flashtechnology,7/29/2016 14:25,0,1,Our new website will launch soon! And we'll continue to launch more features to better serve you incoming months.pic.twitter.com/DcIIAJPXQx,,,,7.59E+17,https://twitter.com/flashtechnology/status/759092605497987073
Healthy 44 Care,H44Care,1/11/2018 11:26,0,1,Flash Technology FTB324-3 Tower light system FAA L-864/L-865 FH324 strobe/LED http://leto.steinstone.info/US/categories/twt/?item=332517299266 ‚Ä¶,,,,9.51E+17,https://twitter.com/H44Care/status/951490461616754688
üá∫üá∏U.S. Flash Feedüá∫üá∏,Flash_Feed,6/22/2016 22:44,0,1,FAA Finalizes Rules For Hobbyist and Commercial Drone Flight | Flash Technology News http://fb.me/4RINWpGHx,,,,7.46E+17,https://twitter.com/Flash_Feed/status/745809630039785473
Flash Technology,flashtechnology,7/11/2018 11:18,0,1,Discover best practices for installing the Vanguard¬Æ Medium FTS 370d obstruction lighting system. https://youtu.be/fWKAkd0oLZU,,,,1.02E+18,https://twitter.com/flashtechnology/status/1017065550650933248
Genesis Lamp,GenesisLampCorp,10/12/2017 15:34,0,1,Flash Technology‚Äôs Vanguard LED obstruction lighting system http://sumo.ly/HdLt via @ Windpower_Eng,,@,,9.19E+17,https://twitter.com/GenesisLampCorp/status/918560423028383746
Patricia W. Adam,patriciawadam,3/26/2017 15:20,0,1,Tower Lighting !!!! Vanguard Led Series By Flash Technology FTS 370d https://goo.gl/fb/UEKBlT,,,,8.46E+17,https://twitter.com/patriciawadam/status/846079320384716800
Flash Technology,flashtechnology,4/10/2018 10:00,0,1,"Stop by booth C2457 at @ NABShow to learn about Vanguard FTS 270, our new high intensity L-856/L-864 LED lighting solution. We'll be here 9am-6pm today and tomorrow, and 9am-2pm on Thursday. # nabshow # towerlighting # broadcastpic.twitter.com/c0kWjagvWS",,@,# # #,9.84E+17,https://twitter.com/flashtechnology/status/983706403046117376
Flash Technology,flashtechnology,4/9/2018 10:10,0,1,Obstruction lighting systems ship with a variety of tape. Ensure you understand why and how to properly secure cables to the tower using the 2-3-4 tape method. https://youtu.be/PLGOeuxTP4U,,,,9.83E+17,https://twitter.com/flashtechnology/status/983346449810259970
Flash Technology,flashtechnology,6/28/2017 10:46,0,1,"The FTS 371 LED system is ideal for red only telecom, utility & MET tower lighting. Walk through the features. https://youtu.be/f8tmbKlSzX8",,,,8.80E+17,https://twitter.com/flashtechnology/status/880074986504966145
Flash Technology,flashtechnology,6/15/2017 12:40,0,1,3.5 million lbs steel + 15 million lbs concrete + FTB 225 lighting system = # Sutro Tower http://ow.ly/LV0Y30cCt6O # flashabout # sanfrancisco,,,# # #,8.75E+17,https://twitter.com/flashtechnology/status/875392475073888257
Flash Technology,flashtechnology,10/11/2017 10:13,0,1,. @ Whiteman_AFB is home to the # B2 Spirit Stealth Bomber & an FTS 800 # airportlighting system. # flashabout # 509thbw # followuspic.twitter.com/Zc6wGrubxF,,@,# # # # #,9.18E+17,https://twitter.com/flashtechnology/status/918117319238230016
Flash Technology,flashtechnology,7/11/2018 11:18,0,1,Discover best practices for installing the Vanguard¬Æ Medium FTS 370d obstruction lighting system.https://youtu.be/fWKAkd0oLZU,,,,1.02E+18,https://twitter.com/flashtechnology/status/1017065550650933248
Flash Technology,flashtechnology,7/11/2018 11:18,0,1,Discover best practices for installing the Vanguard¬Æ Medium FTS 370d obstruction lighting system. https://youtu.be/fWKAkd0oLZU,,,,1.02E+18,https://twitter.com/flashtechnology/status/1017065550650933248
Patricia W. Adam,patriciawadam,3/26/2017 15:20,0,1,Tower Lighting !!!! Vanguard Led Series By Flash Technology FTS 370d https://goo.gl/fb/UEKBlT,,,,8.46E+17,https://twitter.com/patriciawadam/status/846079320384716800
Michael Smith,LIGHTINGAGENT,5/20/2017 14:13,0,1,"Global LED Obstruct Lighting Market-Flash Technology (SPX), Obelux, Dialight, TRANBERG - Publicist Report - Market Research News by Market.‚Ä¶",,,,8.66E+17,https://twitter.com/LIGHTINGAGENT/status/865993821888405504
ZipRecruiter Jobs,ZRJobs,12/28/2015 13:48,0,1,"SPX Flash Technology is # hiring Regional Sales Manager in Franklin, TN http://ziprecruiter.com/tj/ebdda538 # jobs # Franklin # Sales # BizDev",,,# # # # #,6.82E+17,https://twitter.com/ZRJobs/status/681547377031950341
Michael Smith,LIGHTINGAGENT,5/20/2017 14:13,0,1,"Global LED Obstruct Lighting Market-Flash Technology (SPX), Obelux, Dialight, TRANBERG - Publicist Report - Market Research News by Market.‚Ä¶",,,,8.66E+17,https://twitter.com/LIGHTINGAGENT/status/865993821888405504
Patricia W. Adam,patriciawadam,3/26/2017 15:20,0,1,Tower Lighting !!!! Vanguard Led Series By Flash Technology FTS 370d https://goo.gl/fb/UEKBlT,,,,8.46E+17,https://twitter.com/patriciawadam/status/846079320384716800
Flash Technology,flashtechnology,7/11/2018 11:18,0,1,Discover best practices for installing the Vanguard¬Æ Medium FTS 370d obstruction lighting system. https://youtu.be/fWKAkd0oLZU,,,,1.02E+18,https://twitter.com/flashtechnology/status/1017065550650933248
Genesis Lamp,GenesisLampCorp,10/12/2017 15:34,0,1,Flash Technology‚Äôs Vanguard LED obstruction lighting system http://sumo.ly/HdLt via @ Windpower_Eng,,@,,9.19E+17,https://twitter.com/GenesisLampCorp/status/918560423028383746
CNBC Top Stories,CNBCTopStories,9/20/2012 15:48,2,0,Flash Crash Part 2 Could Come at Any Time: Analyst http://bit.ly/P3B43X $.SPX $ SPY # Technology # StockMarket # PoliticsGovernment # Internet,,,# # # #,2.49E+17,https://twitter.com/CNBCTopStories/status/248871158534004737
CNBC Top Stories,CNBCTopStories,9/20/2012 15:48,2,0,Flash Crash Part 2 Could Come at Any Time: Analyst http://bit.ly/P3B43X $.SPX $ SPY # Technology # StockMarket # PoliticsGovernment # Internet,,,# # # #,2.49E+17,https://twitter.com/CNBCTopStories/status/248871158534004737
AGL Media Group,AGLMediaGrp,10/18/2012 16:55,1,0,Flash Technology unveils a new innovation in obstruction lighting. http://j.mp/VfSjGf,,,,2.59E+17,https://twitter.com/AGLMediaGrp/status/259034926698094595
AGL Media Group,AGLMediaGrp,10/18/2012 16:55,1,0,Flash Technology unveils a new innovation in obstruction lighting. http://j.mp/VfSjGf,,,,2.59E+17,https://twitter.com/AGLMediaGrp/status/259034926698094595
Flash Technology,flashtechnology,7/17/2018 15:05,0,0,The FTB 205 high intensity xenon tower lighting system now ships with a new coupling transformer assembly. Integrating couplers increases the reliability of the lighting system by improving tube and trigger performance. Instruction sheet and manual at http://ow.ly/blXD30kZQjZ pic.twitter.com/mmrl4tUqeB,,,,1.02E+18,https://twitter.com/flashtechnology/status/1019296983201091584
BYUEnglishInternship,BYUEnglintern,3/28/2017 16:51,0,0,Apply before Apr 16 for a technical writing # internship with IM Flash Technologies. @ flashtechnology # writing http://englishinternships.byu.edu/?p=1607 pic.twitter.com/kCud4FW864,,@,# #,8.47E+17,https://twitter.com/BYUEnglintern/status/846827231003389952
DataGroup Asia,DataGroupAsia,5/26/2015 16:34,0,0,Flash Technology http://dg-di.cn/DG/11/7793.htm # FlashTechnology # UnitedStates # TacticalStrategic # Report # Corporate # Profit # Loss # Company,,,# # # # # # # #,6.03E+17,https://twitter.com/DataGroupAsia/status/603298103895142400
Flash Technology,flashtechnology,10/10/2011 16:36,0,0,"Flash Technology will be at AWEA Offshore tomorrow, will we see you? http://conta.cc/ozEeST # constantcontact",,,#,1.23E+17,https://twitter.com/flashtechnology/status/123497156119232512
Flash Technology,flashtechnology,9/22/2011 17:34,0,0,Flash Technology will be at CANWEA http://conta.cc/nWmLkd # constantcontact,,,#,1.17E+17,https://twitter.com/flashtechnology/status/116988879952818176
Flash Technology,flashtechnology,9/22/2011 9:41,0,0,Flash Technology wants to see you at PCIA http://conta.cc/rqUcoM # constantcontact,,,#,1.17E+17,https://twitter.com/flashtechnology/status/116869737157369857
Flash Technology,flashtechnology,6/24/2011 10:26,0,0,Light the Wind - News from Flash Technology http://conta.cc/jazpvK via # constantcontact,,,#,8.43E+16,https://twitter.com/flashtechnology/status/84266162405376000
Flash Technology,flashtechnology,5/19/2011 16:51,0,0,Flash Technology Launches New DC-powered Meteorological Ligh... http://conta.cc/jehb9S via # constantcontact,,,#,7.13E+16,https://twitter.com/flashtechnology/status/71317071178375168
Flash Technology,flashtechnology,5/9/2011 13:26,0,0,Flash Technology at Windpower 2011 http://conta.cc/knZ9JI via # constantcontact,,,#,6.76E+16,https://twitter.com/flashtechnology/status/67641613173784578
Flash Technology,flashtechnology,10/25/2010 7:01,0,0,"Flash Technology @CANWEA¬ís Annual Conference & Expo, November 1-3 Montreal, Quebec ... http://conta.cc/bxRflz via # constantcontact",,@CANWEA,#,28679740083,https://twitter.com/flashtechnology/status/28679740083
ArticlesMagic Plus!,ArticlesMP,9/30/2010 5:06,0,0,Ignoring # PDF to Flash Technology can be a huge mistake http://goo.gl/fb/G3wzC # businessesonline # flashtechnology,,,# # #,25963114730,https://twitter.com/ArticlesMP/status/25963114730
Flash Technology,flashtechnology,9/28/2010 6:02,0,0,"Come see Flash Technology's at AWEA Offshore Oct 5-7 in Atlantic City, NJ.... http://conta.cc/bFraAY via # constantcontact",,,#,25771206937,https://twitter.com/flashtechnology/status/25771206937
Flash Technology,flashtechnology,9/7/2010 7:03,0,0,Flash Technology's advanced MET tower lighting solutions wil... http://conta.cc/cyVKGo via # constantcontact,,,#,23227725515,https://twitter.com/flashtechnology/status/23227725515
People Exclusive,PeoplExclusive,7/18/2018 7:24,0,0,"Global LED Obstruct Lighting Market Current and Future Prospect by 2023: Avlite, Dialight, Flash Technology (SPX) and Hughey & Phillips https://peopleexclusive.com/global-led-obstruct-lighting-market-current-and-future-prospect-challenges/ ‚Ä¶",,,,1.02E+18,https://twitter.com/PeoplExclusive/status/1019543385617633280
Loot Mountain,LootMountain,5/8/2018 4:41,0,0,"... Delta Box, Shenzhen Xingbiao, OBSTA, Orga Aviation, Holland Aviation, Shenzhen Ruibu, International Tower Lighting, Flash Technology ( SPX ), Dialight, Obelux, Hubbell Incorporated and Cooper Industries. LED O .. https://www.google.com/url?rct=j&sa=t&url=https://theanalystfinancial.com/191279/led-obstruct-lighting-market-development-by-2023-hughey-phillips-avlite-dialight-and-flash-technology-spx/&ct=ga&cd=CAIyHDAxNGFjNDI5ZGFjY2I1ODM6Y29tOmVuOlVTOlI&usg=AFQjCNE7BeEQefSlaE9bWdvgVHxM8TcAYA ‚Ä¶",,,,9.94E+17,https://twitter.com/LootMountain/status/993772751621156864
IT Jobs Tennessee,ITTennessee,1/16/2018 4:08,0,0,"Tech Support Analyst: Job Summary About Flash Technology Flash Technology, an SPX Corporation business, provides certified FAA obstruction lighting systems, tower lights, and monitoring equipment to the telecom,‚Ä¶ http://tw.eet.link/QBPwn0 # IT # job # hiring # IT # techjob # ITJob",,,# # # # # #,9.53E+17,https://twitter.com/ITTennessee/status/953192118071148544
Global LEDsOLEDs,GlobalLEDsOLEDs,5/2/2017 8:14,0,0,"Global Medium Intensity LED Obstruct Light Market 2017 - Dialight, Avlite, Flash Technology (SPX), Orga Aviation,... http://fb.me/ypmmQSEf",,,,8.59E+17,https://twitter.com/GlobalLEDsOLEDs/status/859380595238907904
D. Pryor,TheOriginator23,8/6/2015 13:40,0,0,SPX Flash Technology is doing a great job so far lol. Gave me a birthday‚Ä¶ https://instagram.com/p/6DPdm8RQL9Yovy35RT_wnDkQl_W7Ho7V2dfK40/ ‚Ä¶,,,,6.29E+17,https://twitter.com/TheOriginator23/status/629346381371699200
SPX FLOW,SPXFlow,4/17/2015 5:01,0,0,SPX flash technology provides an insight into international regulations for aviation obstruction lighting: http://ow.ly/LxMBG,,,,5.89E+17,https://twitter.com/SPXFlow/status/588990681865134080
Intensity Jobs,intensityjobs,12/18/2013 7:37,0,0,"Product Support Manager: TN-Nashville, Business Unit Description Flash Technology, an SPX brand, has been... http://dlvr.it/4XJh9S",,,,4.13E+17,https://twitter.com/intensityjobs/status/413286910778294272
jane west,westy1287,10/4/2012 11:56,0,0,"Flash Technology | SPX: Obstruction Lighting For Utilities, Broadcast, and Catenary. Flash Technology provides l... http://bit.ly/QvQ63Q",,,,2.54E+17,https://twitter.com/westy1287/status/253886266234503168
Bill Moore,TheSolarTech,6/22/2009 11:49,0,0,"Flash Technology To Provide Lighting For John Deere Wind Energy: based Flash Technology, an SPX subsidiary, has committe http://url4.eu/18RD",,,,2280426176,https://twitter.com/TheSolarTech/status/2280426176
Jobs in Tennessee,Tenn_HR,12/24/2017 8:00,0,0,"Tech Support Analyst: Job Summary About Flash Technology Flash Technology, an SPX Corporation business, provides certified FAA obstruction lighting systems, tower lights, and monitoring equipment to the telecom,‚Ä¶ http://tw.eet.link/Q7Qgz0 # IT # job # hiring # IT # techjob # ITJob",,,# # # # # #,9.45E+17,https://twitter.com/Tenn_HR/status/944915582415073280
Jordan Hayes,publicistreport,5/15/2017 7:37,0,0,"Global LED Obstruct Lighting Market-Flash Technology (SPX), Obelux, Dialight, TRANBERG http://publicistreport.com/electronics/global-led-obstruct-lighting-market.html ‚Ä¶",,,,8.64E+17,https://twitter.com/publicistreport/status/864082313776443392
TechAnnouncer,TechAnnouncer,4/14/2017 7:57,0,0,"Global LED Obstruct Lighting Market 2017 - Carmanah Technologies, Hughey & Phillips, Dialight, Flash Technology (SPX), Avlite, Orga Aviat... pic.twitter.com/iBtnSUF3bN",,,,8.53E+17,https://twitter.com/TechAnnouncer/status/852853426711130112
RandomURL,RandomURL,10/4/2012 12:26,0,0,"Flash Technology | SPX: Obstruction Lighting For Utilities, Broadcast, and Catenary. Flash Technology provides l... http://bit.ly/T5Rw92",,,,2.54E+17,https://twitter.com/RandomURL/status/253893816828981248
corkyd,corkyd,7/17/2018 7:10,0,0,FLASH TECHNOLOGY TOWER SAFETY OBSTRUCTION LIGHTING Radio Cell Light Assembly Best Ever ! # towersafety # safetylighting # safetytechnologyhttps://ebay.to/2zF8BmL,,,# # #,1.02E+18,https://twitter.com/corkyd/status/1019177626735398918
BigBox Power,BigboxPower,6/21/2018 4:48,0,0,Flash Technology - FTS 371 DC - A1 Towers - Red Obstruction Lighting System https://goo.gl/qHxmpY pic.twitter.com/TpTEV1Fqtd,,,,1.01E+18,https://twitter.com/BigboxPower/status/1009719793329598470
Outstanding Coins,OutstandingCoi,4/19/2018 15:26,0,0,Flash Technology PC310 Power Converter FAA Obstruction Lighting http://amordad.steinstone.info/US/categories/twt/?item=232739917010 ‚Ä¶,,,,9.87E+17,https://twitter.com/OutstandingCoi/status/987049760648585216
IT Jobs Tennessee,ITTennessee,12/29/2017 7:14,0,0,"Tech Support Analyst: Job Summary About Flash Technology Flash Technology, an SPX Corporation business, provides certified FAA obstruction lighting systems, tower lights, and monitoring equipment to the telecom,‚Ä¶ http://tw.eet.link/Q84GkJ # IT # job # hiring # IT # techjob # ITJob",,,# # # # # #,9.47E+17,https://twitter.com/ITTennessee/status/946715952686686208
Patricia W. Adam,patriciawadam,3/21/2017 4:43,0,0,FLASH TECHNOLOGY FH3620-2 TOWER SAFETY LED OBSTRUCTION LIGHTING Radio https://goo.gl/fb/sJvlhb,,,,8.44E+17,https://twitter.com/patriciawadam/status/844107067380158464
Patricia W. Adam,patriciawadam,2/27/2017 2:04,0,0,FLASH TECHNOLOGY FH 308 STROBE TOWER OBSTRUCTION LIGHTING https://goo.gl/fb/P9bqYS,,,,8.36E+17,https://twitter.com/patriciawadam/status/836109791772741634
Patricia W. Adam,patriciawadam,2/11/2017 13:58,0,0,Flash Technology FH 3620 FH3620 LED Medium Intensity Obstruction Lighting System https://goo.gl/fb/HMtH52,,,,8.30E+17,https://twitter.com/patriciawadam/status/830491260934828032
Chris Young,Norsunenergy,4/29/2016 10:19,0,0,"Flash Technology Enhances Remote-Monitoring Solutions For Obstruction Lighting http://ift.tt/1rEV3iv Franklin, Tenn.-based Flash Techno‚Ä¶",,,,7.26E+17,https://twitter.com/Norsunenergy/status/726053332020789248
SPX FLOW,SPXFlow,4/17/2015 5:01,0,0,SPX flash technology provides an insight into international regulations for aviation obstruction lighting: http://ow.ly/LxMBG,,,,5.89E+17,https://twitter.com/SPXFlow/status/588990681865134080
jane west,westy1287,10/4/2012 11:56,0,0,"Flash Technology | SPX: Obstruction Lighting For Utilities, Broadcast, and Catenary. Flash Technology provides l... http://bit.ly/QvQ63Q",,,,2.54E+17,https://twitter.com/westy1287/status/253886266234503168
corkyd,corkyd,7/15/2018 7:08,0,0,FLASH TECHNOLOGY TOWER SAFETY OBSTRUCTION LIGHTING Radio Cell Light Assembly Best Ever ! # towersafety # safetylighting # safetytechnologyhttps://ebay.to/2zF8BmL,,,# # #,1.02E+18,https://twitter.com/corkyd/status/1018452315089588225
Jobs in Tennessee,Tenn_HR,12/24/2017 8:00,0,0,"Tech Support Analyst: Job Summary About Flash Technology Flash Technology, an SPX Corporation business, provides certified FAA obstruction lighting systems, tower lights, and monitoring equipment to the telecom,‚Ä¶ http://tw.eet.link/Q7Qgz0 # IT # job # hiring # IT # techjob # ITJob",,,# # # # # #,9.45E+17,https://twitter.com/Tenn_HR/status/944915582415073280
Patricia W. Adam,patriciawadam,2/23/2017 9:20,0,0,FLASH TECHNOLOGY FH 3620-2 TOWER SAFETY LED OBSTRUCTION LIGHTING https://goo.gl/fb/mhD2vZ,,,,8.35E+17,https://twitter.com/patriciawadam/status/834769933435297792
RandomURL,RandomURL,10/4/2012 12:26,0,0,"Flash Technology | SPX: Obstruction Lighting For Utilities, Broadcast, and Catenary. Flash Technology provides l... http://bit.ly/T5Rw92",,,,2.54E+17,https://twitter.com/RandomURL/status/253893816828981248
Tennessee Recruiter,TennesseeHiring,12/30/2017 15:50,0,0,"Tech Support Analyst: Job Summary About Flash Technology Flash Technology, an SPX Corporation business, provides certified FAA obstruction lighting systems, tower lights, and monitoring equipment to the telecom,‚Ä¶ http://tw.eet.link/Q8FT4j # tech # job # IT # IT # techjob # ITJob",,,# # # # # #,9.47E+17,https://twitter.com/TennesseeHiring/status/947208182723633153
Audrey Jones,au4200,10/4/2012 12:25,0,0,"Flash Technology | SPX: Obstruction Lighting For Utilities, Broadcast, and Catenary. Flash Technology provides l... http://bit.ly/VlRv1w",,,,2.54E+17,https://twitter.com/au4200/status/253893548557086721
Flash Technology,flashtechnology,7/17/2018 15:05,0,0,The FTB 205 high intensity xenon tower lighting system now ships with a new coupling transformer assembly. Integrating couplers increases the reliability of the lighting system by improving tube and trigger performance. Instruction sheet and manual at http://ow.ly/blXD30kZQjZ pic.twitter.com/mmrl4tUqeB,,,,1.02E+18,https://twitter.com/flashtechnology/status/1019296983201091584
corkyd,corkyd,7/17/2018 7:10,0,0,FLASH TECHNOLOGY TOWER SAFETY OBSTRUCTION LIGHTING Radio Cell Light Assembly Best Ever ! # towersafety # safetylighting # safetytechnologyhttps://ebay.to/2zF8BmL,,,# # #,1.02E+18,https://twitter.com/corkyd/status/1019177626735398918
Loot Mountain,LootMountain,5/8/2018 4:41,0,0,"... Delta Box, Shenzhen Xingbiao, OBSTA, Orga Aviation, Holland Aviation, Shenzhen Ruibu, International Tower Lighting, Flash Technology ( SPX ), Dialight, Obelux, Hubbell Incorporated and Cooper Industries. LED O .. https://www.google.com/url?rct=j&sa=t&url=https://theanalystfinancial.com/191279/led-obstruct-lighting-market-development-by-2023-hughey-phillips-avlite-dialight-and-flash-technology-spx/&ct=ga&cd=CAIyHDAxNGFjNDI5ZGFjY2I1ODM6Y29tOmVuOlVTOlI&usg=AFQjCNE7BeEQefSlaE9bWdvgVHxM8TcAYA ‚Ä¶",,,,9.94E+17,https://twitter.com/LootMountain/status/993772751621156864
IT Jobs Tennessee,ITTennessee,12/29/2017 7:14,0,0,"Tech Support Analyst: Job Summary About Flash Technology Flash Technology, an SPX Corporation business, provides certified FAA obstruction lighting systems, tower lights, and monitoring equipment to the telecom,‚Ä¶ http://tw.eet.link/Q84GkJ # IT # job # hiring # IT # techjob # ITJob",,,# # # # # #,9.47E+17,https://twitter.com/ITTennessee/status/946715952686686208
Patricia W. Adam,patriciawadam,2/1/2017 21:55,0,0,Flash Technology FH 324 Tower HUGE LOT Head Strobe Red White Controller ITL https://goo.gl/fb/cFBT75,,,,8.27E+17,https://twitter.com/patriciawadam/status/826987344603537410
üá∫üá∏U.S. Flash Feedüá∫üá∏,Flash_Feed,10/10/2016 20:39,0,0,The Leaked Dark Tower Trailer Has a Lot of Modern Day New York City in It | Flash Technology News http://fb.me/1AZS6FqbU,,,,7.86E+17,https://twitter.com/Flash_Feed/status/785640832653258752
üá∫üá∏U.S. Flash Feedüá∫üá∏,Flash_Feed,10/8/2016 18:03,0,0,Faster than a speeding ‚Äî elevator. Shanghai Tower claims to have world's fastest | Flash Technology News http://fb.me/46UHRHmw9,,,,7.85E+17,https://twitter.com/Flash_Feed/status/784876913412100096
üá∫üá∏U.S. Flash Feedüá∫üá∏,Flash_Feed,5/31/2016 17:44,0,0,"From ice rooms to inside the Eiffel Tower, 7 of the coolest hotels on Earth | Flash Technology News http://fb.me/7gMX3Lkgk",,,,7.38E+17,https://twitter.com/Flash_Feed/status/737761812976918528
Melanie Balakit,MelanieBalakit,10/2/2015 12:22,0,0,"Light tower markers"" are on the table at Flash Technology. # MFGDay15pic.twitter.com/6mbfDiYR5t""",,,#,6.50E+17,https://twitter.com/MelanieBalakit/status/649982717325611008
Radio magazine,Radiomagazine,5/10/2013 11:37,0,0,Flash Technology FTS 370w: Solid-state tower lighting and 2013 Pick Hit Award Winner http://bit.ly/15Ug4ZD,,,,3.33E+17,https://twitter.com/Radiomagazine/status/332882150099677184
Simfany,Simfany,7/29/2010 9:48,0,0,Science & Technology: Slow Motion Video of a Multiple Tower Upward Lightning Flash on 6/16/10 http://simfany.com/v60295/,,,,19826989847,https://twitter.com/Simfany/status/19826989847
BVARA,w3sgj,5/14/2010 13:48,0,0,From QRZ.com - Flash Technology FH-306 Tower Strobe Light: I have for sale one used Flash Technology obstruction b... http://bit.ly/cDzI6D,,,,13988706198,https://twitter.com/w3sgj/status/13988706198
TechPinas,techpinas,1/20/2010 0:33,0,0,Play Overlord II Tower Defense Flash Browser Game - TP Flash Games Series ! | TechPinas : The Philippine Technology ... http://shar.es/aBM8c,,,,7976554651,https://twitter.com/techpinas/status/7976554651
BVARA,w3sgj,1/2/2010 2:25,0,0,2 Tower Strobe Beacon Lights: I have two Flash Technology FH 306-2 obstruction beacons i am looking to sell. Th.. http://bit.ly/5fpWN4,,,,7293764932,https://twitter.com/w3sgj/status/7293764932
corkyd,corkyd,7/16/2018 7:08,0,0,FLASH TECHNOLOGY TOWER SAFETY OBSTRUCTION LIGHTING Radio Cell Light Assembly Hurry # towersafety # safetylighting # safetytechnologyhttps://ebay.to/2zF8BmL,,,# # #,1.02E+18,https://twitter.com/corkyd/status/1018814588215799808
Karl Thomson,tweetkarl,7/1/2018 8:50,0,0,"In the world of # technology, all-flash # storage is seen as being in the ivory tower & still the purview of high-end # primary # applications & larger companies. It's now time for # flash to become available to all # markets. Check out our full blog post here: https://okt.to/BzVI0v pic.twitter.com/qtGeqWEQEb",,,# # # # # #,1.01E+18,https://twitter.com/tweetkarl/status/1013404366580183041
Jobs in Tennessee,Tenn_HR,12/24/2017 8:00,0,0,"Tech Support Analyst: Job Summary About Flash Technology Flash Technology, an SPX Corporation business, provides certified FAA obstruction lighting systems, tower lights, and monitoring equipment to the telecom,‚Ä¶ http://tw.eet.link/Q7Qgz0 # IT # job # hiring # IT # techjob # ITJob",,,# # # # # #,9.45E+17,https://twitter.com/Tenn_HR/status/944915582415073280
Patricia W. Adam,patriciawadam,3/21/2017 4:43,0,0,FLASH TECHNOLOGY FH3620-2 TOWER SAFETY LED OBSTRUCTION LIGHTING Radio https://goo.gl/fb/sJvlhb,,,,8.44E+17,https://twitter.com/patriciawadam/status/844107067380158464
Patricia W. Adam,patriciawadam,2/27/2017 2:04,0,0,FLASH TECHNOLOGY FH 308 STROBE TOWER OBSTRUCTION LIGHTING https://goo.gl/fb/P9bqYS,,,,8.36E+17,https://twitter.com/patriciawadam/status/836109791772741634
Patricia W. Adam,patriciawadam,12/26/2016 0:35,0,0,4 TOWER BEACON LIGHT/ LENS LAMP FLASH TECHNOLOGY RED WHITE STROBE (LOT OF 4) https://goo.gl/fb/ej9p5S,,,,8.13E+17,https://twitter.com/patriciawadam/status/813256966365540352
Patricia W. Adam,patriciawadam,11/16/2016 4:12,0,0,FLASH TECHNOLOGY FH 3620-2 NEW LED TOWER LIGHT FAA L-864/865 https://goo.gl/fb/Szgywt,,,,7.99E+17,https://twitter.com/patriciawadam/status/798816060195500033
The Israel Company,israel_flash,2/12/2015 10:07,0,0,# Israel # Globes : Tower teams with FLIR on infrared technology http://ow.ly/2UAqVy,,,# #,5.66E+17,https://twitter.com/israel_flash/status/565889855369281536
landonfang,landonfang1,4/23/2014 22:48,0,0,"http://gmtlight.en.alibaba.com/product/735539860-200202610/Drink_Tower.html ‚Ä¶ - Drink Tower, View Drink Tower, GMT Product Details from Beijing Golden Flash Technology Development Center on Aliba",,,,4.59E+17,https://twitter.com/landonfang1/status/459161995866939392
Shawn Wilkerson,WhelenVortexR,2/21/2014 20:46,0,0,I liked a @ YouTube video http://youtu.be/JOFuybJk0lo?a Flash Technology Tower Strobe,,@,,4.37E+17,https://twitter.com/WhelenVortexR/status/437040567042998272
Shawn Wilkerson,WhelenVortexR,11/4/2013 21:54,0,0,I liked a @ YouTube video http://youtu.be/-Bizzsr1zh4?a ROBLOX Cell Phone Tower Day/Night mode Flash Technology FTB-324 Obstruction Beacon,,@,,3.98E+17,https://twitter.com/WhelenVortexR/status/397557623333351424
GeekyCrunch,geekycrunch,9/21/2013 16:49,0,0,# tech USB Flash drive shaped like an Eiffel Tower http://dlvr.it/40zVfP # Electronics # Gadgets # Technology # technology,,,# # # # #,3.82E+17,https://twitter.com/geekycrunch/status/381520476335382528
Hugh Winter,Hyough,9/19/2011 13:19,0,0,With all our advanced technology we still can't make a camera that realises firing the flash at Tower Bridge at night is not enough?,,,,1.16E+17,https://twitter.com/Hyough/status/115837345881784320
Flash Technology,flashtechnology,9/7/2010 7:03,0,0,Flash Technology's advanced MET tower lighting solutions wil... http://conta.cc/cyVKGo via # constantcontact,,,#,23227725515,https://twitter.com/flashtechnology/status/23227725515
Vienna_Tower,Vienna_tower,5/25/2010 3:28,0,0,"Greenliant Systems Acquires NANDrive, NAND Controller and Specialty Flash Memory Assets from Microchip Technology http://bit.ly/9XCE6X",,,,14678294822,https://twitter.com/Vienna_tower/status/14678294822
thereal shapeshifter,scifi_reviews,12/14/2009 0:11,0,0,FlashForward theory: D. Gibbons was able to have a private flash forward that enabled him to learn about Simon's Tower of Doom technology,,,,6652813466,https://twitter.com/scifi_reviews/status/6652813466
corkyd,corkyd,7/15/2018 7:08,0,0,FLASH TECHNOLOGY TOWER SAFETY OBSTRUCTION LIGHTING Radio Cell Light Assembly Best Ever ! # towersafety # safetylighting # safetytechnologyhttps://ebay.to/2zF8BmL,,,# # #,1.02E+18,https://twitter.com/corkyd/status/1018452315089588225
Dhonnay,DomHonnay,4/25/2018 1:50,0,0,"In the world of # technology, all-flash # storage is seen as being in the ivory tower & still the purview of high-end # primary # applications & larger companies. It's now time for # flash to become available to all # markets. Check out our full blog post here: http://okt.to/hpcTN6 pic.twitter.com/Z2Tm6DTAd2",,,# # # # # #,9.89E+17,https://twitter.com/DomHonnay/status/989018683174473728
Tennessee Recruiter,TennesseeHiring,12/30/2017 15:50,0,0,"Tech Support Analyst: Job Summary About Flash Technology Flash Technology, an SPX Corporation business, provides certified FAA obstruction lighting systems, tower lights, and monitoring equipment to the telecom,‚Ä¶ http://tw.eet.link/Q8FT4j # tech # job # IT # IT # techjob # ITJob",,,# # # # # #,9.47E+17,https://twitter.com/TennesseeHiring/status/947208182723633153
Healthy 44 Care,H44Care,10/4/2017 12:01,0,0,Flash Technologies FTB 310 White Med Intensity White L-865 Xenon Tower Light Kit http://leto.steinstone.info/US/categories/twt/?item=172905688499 ‚Ä¶,,,,9.16E+17,https://twitter.com/H44Care/status/915607695314501632
Patricia W. Adam,patriciawadam,2/23/2017 9:20,0,0,FLASH TECHNOLOGY FH 3620-2 TOWER SAFETY LED OBSTRUCTION LIGHTING https://goo.gl/fb/mhD2vZ,,,,8.35E+17,https://twitter.com/patriciawadam/status/834769933435297792
BoyyZa,BoyyZa,11/11/2014 12:20,0,0,(32GB Metal Eiffel Tower USB Flash Drive (Silver)) Computer & Technology http://fb.me/1mRo8B6Hd,,,,5.32E+17,https://twitter.com/BoyyZa/status/532221242468605953
jaydreamer,tetsu_girl,8/26/2014 16:44,0,0,@ mtvsplashpage pretty sure left graffiti is Palmer Technologies logo (see Flash teaser http://youtu.be/XuoKFkv6P0c ). fans say left tower is Stagg,,@,,5.04E+17,https://twitter.com/tetsu_girl/status/504368731745566720
landonfang,landonfang1,3/26/2014 3:49,0,0,"http://gmtlight.en.alibaba.com/product/473212878-200202610/Plastic_Beer_Tower.html ‚Ä¶ - Plastic Beer Tower, View plastic beer tower, GMT Product Details from Beijing Golden Flash Technology",,,,4.49E+17,https://twitter.com/landonfang1/status/448728314585165824
Flash Technology,flashtechnology,8/31/2010 17:43,0,0,"Flash Technology's advanced MET tower lighting solutions will be at AWEA's Wind Resource & Assessment Workshop, Sep 14-15 Oklahoma City, OK",,,,22651384414,https://twitter.com/flashtechnology/status/22651384414
Vienna_Tower,Vienna_tower,2/16/2010 12:35,0,0,RT @ tweetmeme SanDisk 64GB iNAND Embedded Flash Drives | Technology guide - India's latest technology - gadget news http://is.gd/8reCR,,@,,9193907871,https://twitter.com/Vienna_tower/status/9193907871
doitJEFFSTYLE ‚úåÔ∏è,doitJEFFSTYLE,12/19/2008 13:38,0,0,"@ scottjanousek haha, i remember seeing that tower when I went down to the Boston Flash Lite Technology Day!",,@,,1067595147,https://twitter.com/doitJEFFSTYLE/status/1067595147
IT Memphis Jobs,ITJob_Memphis,12/30/2017 10:37,0,0,"Tech Support Analyst: Job Summary About Flash Technology Flash Technology, an SPX Corporation business, provides certified FAA obstruction lighting systems, tower lights, and monitoring equipment to the telecom,‚Ä¶ http://tw.eet.link/Q8D0fP # tech # job # IT # IT # techjob # ITJob",,,# # # # # #,9.47E+17,https://twitter.com/ITJob_Memphis/status/947129421227376640
landonfang,landonfang1,4/29/2014 22:13,0,0,"http://gmtlight.en.alibaba.com/product/1527202811-200202610/Flashing_Wine_Tower.html ‚Ä¶ - Flashing Wine Tower, View Flashing Wine Tower, GMT Product Details from Beijing Golden Flash Technology",,,,4.61E+17,https://twitter.com/landonfang1/status/461327460928192512
Flash Technology,flashtechnology,7/17/2018 15:05,0,0,The FTB 205 high intensity xenon tower lighting system now ships with a new coupling transformer assembly. Integrating couplers increases the reliability of the lighting system by improving tube and trigger performance. Instruction sheet and manual at http://ow.ly/blXD30kZQjZ pic.twitter.com/mmrl4tUqeB,,,,1.02E+18,https://twitter.com/flashtechnology/status/1019296983201091584
corkyd,corkyd,7/17/2018 7:10,0,0,FLASH TECHNOLOGY TOWER SAFETY OBSTRUCTION LIGHTING Radio Cell Light Assembly Best Ever ! # towersafety # safetylighting # safetytechnologyhttps://ebay.to/2zF8BmL,,,# # #,1.02E+18,https://twitter.com/corkyd/status/1019177626735398918
Loot Mountain,LootMountain,5/8/2018 4:41,0,0,"... Delta Box, Shenzhen Xingbiao, OBSTA, Orga Aviation, Holland Aviation, Shenzhen Ruibu, International Tower Lighting, Flash Technology ( SPX ), Dialight, Obelux, Hubbell Incorporated and Cooper Industries. LED O .. https://www.google.com/url?rct=j&sa=t&url=https://theanalystfinancial.com/191279/led-obstruct-lighting-market-development-by-2023-hughey-phillips-avlite-dialight-and-flash-technology-spx/&ct=ga&cd=CAIyHDAxNGFjNDI5ZGFjY2I1ODM6Y29tOmVuOlVTOlI&usg=AFQjCNE7BeEQefSlaE9bWdvgVHxM8TcAYA ‚Ä¶",,,,9.94E+17,https://twitter.com/LootMountain/status/993772751621156864
IT Jobs Tennessee,ITTennessee,12/29/2017 7:14,0,0,"Tech Support Analyst: Job Summary About Flash Technology Flash Technology, an SPX Corporation business, provides certified FAA obstruction lighting systems, tower lights, and monitoring equipment to the telecom,‚Ä¶ http://tw.eet.link/Q84GkJ # IT # job # hiring # IT # techjob # ITJob",,,# # # # # #,9.47E+17,https://twitter.com/ITTennessee/status/946715952686686208
Patricia W. Adam,patriciawadam,3/21/2017 4:43,0,0,FLASH TECHNOLOGY FH3620-2 TOWER SAFETY LED OBSTRUCTION LIGHTING Radio https://goo.gl/fb/sJvlhb,,,,8.44E+17,https://twitter.com/patriciawadam/status/844107067380158464
Patricia W. Adam,patriciawadam,2/27/2017 2:04,0,0,FLASH TECHNOLOGY FH 308 STROBE TOWER OBSTRUCTION LIGHTING https://goo.gl/fb/P9bqYS,,,,8.36E+17,https://twitter.com/patriciawadam/status/836109791772741634
Radio magazine,Radiomagazine,5/10/2013 11:37,0,0,Flash Technology FTS 370w: Solid-state tower lighting and 2013 Pick Hit Award Winner http://bit.ly/15Ug4ZD,,,,3.33E+17,https://twitter.com/Radiomagazine/status/332882150099677184
Flash Technology,flashtechnology,9/7/2010 7:03,0,0,Flash Technology's advanced MET tower lighting solutions wil... http://conta.cc/cyVKGo via # constantcontact,,,#,23227725515,https://twitter.com/flashtechnology/status/23227725515
corkyd,corkyd,7/15/2018 7:08,0,0,FLASH TECHNOLOGY TOWER SAFETY OBSTRUCTION LIGHTING Radio Cell Light Assembly Best Ever ! # towersafety # safetylighting # safetytechnologyhttps://ebay.to/2zF8BmL,,,# # #,1.02E+18,https://twitter.com/corkyd/status/1018452315089588225
Jobs in Tennessee,Tenn_HR,12/24/2017 8:00,0,0,"Tech Support Analyst: Job Summary About Flash Technology Flash Technology, an SPX Corporation business, provides certified FAA obstruction lighting systems, tower lights, and monitoring equipment to the telecom,‚Ä¶ http://tw.eet.link/Q7Qgz0 # IT # job # hiring # IT # techjob # ITJob",,,# # # # # #,9.45E+17,https://twitter.com/Tenn_HR/status/944915582415073280
Patricia W. Adam,patriciawadam,2/23/2017 9:20,0,0,FLASH TECHNOLOGY FH 3620-2 TOWER SAFETY LED OBSTRUCTION LIGHTING https://goo.gl/fb/mhD2vZ,,,,8.35E+17,https://twitter.com/patriciawadam/status/834769933435297792
Flash Technology,flashtechnology,8/31/2010 17:43,0,0,"Flash Technology's advanced MET tower lighting solutions will be at AWEA's Wind Resource & Assessment Workshop, Sep 14-15 Oklahoma City, OK",,,,22651384414,https://twitter.com/flashtechnology/status/22651384414
IT Jobs Tennessee,ITTennessee,12/29/2017 7:14,0,0,"Tech Support Analyst: Job Summary About Flash Technology Flash Technology, an SPX Corporation business, provides certified FAA obstruction lighting systems, tower lights, and monitoring equipment to the telecom,‚Ä¶ http://tw.eet.link/Q84GkJ # IT # job # hiring # IT # techjob # ITJob",,,# # # # # #,9.47E+17,https://twitter.com/ITTennessee/status/946715952686686208
SPX FLOW,SPXFlow,4/17/2015 5:01,0,0,SPX flash technology provides an insight into international regulations for aviation obstruction lighting: http://ow.ly/LxMBG,,,,5.89E+17,https://twitter.com/SPXFlow/status/588990681865134080
jane west,westy1287,10/4/2012 11:56,0,0,"Flash Technology | SPX: Obstruction Lighting For Utilities, Broadcast, and Catenary. Flash Technology provides l... http://bit.ly/QvQ63Q",,,,2.54E+17,https://twitter.com/westy1287/status/253886266234503168
Jobs in Tennessee,Tenn_HR,12/24/2017 8:00,0,0,"Tech Support Analyst: Job Summary About Flash Technology Flash Technology, an SPX Corporation business, provides certified FAA obstruction lighting systems, tower lights, and monitoring equipment to the telecom,‚Ä¶ http://tw.eet.link/Q7Qgz0 # IT # job # hiring # IT # techjob # ITJob",,,# # # # # #,9.45E+17,https://twitter.com/Tenn_HR/status/944915582415073280
RandomURL,RandomURL,10/4/2012 12:26,0,0,"Flash Technology | SPX: Obstruction Lighting For Utilities, Broadcast, and Catenary. Flash Technology provides l... http://bit.ly/T5Rw92",,,,2.54E+17,https://twitter.com/RandomURL/status/253893816828981248
People Exclusive,PeoplExclusive,7/18/2018 7:24,0,0,"Global LED Obstruct Lighting Market Current and Future Prospect by 2023: Avlite, Dialight, Flash Technology (SPX) and Hughey & Phillips https://peopleexclusive.com/global-led-obstruct-lighting-market-current-and-future-prospect-challenges/ ‚Ä¶",,,,1.02E+18,https://twitter.com/PeoplExclusive/status/1019543385617633280
Loot Mountain,LootMountain,5/8/2018 4:41,0,0,"... Delta Box, Shenzhen Xingbiao, OBSTA, Orga Aviation, Holland Aviation, Shenzhen Ruibu, International Tower Lighting, Flash Technology ( SPX ), Dialight, Obelux, Hubbell Incorporated and Cooper Industries. LED O .. https://www.google.com/url?rct=j&sa=t&url=https://theanalystfinancial.com/191279/led-obstruct-lighting-market-development-by-2023-hughey-phillips-avlite-dialight-and-flash-technology-spx/&ct=ga&cd=CAIyHDAxNGFjNDI5ZGFjY2I1ODM6Y29tOmVuOlVTOlI&usg=AFQjCNE7BeEQefSlaE9bWdvgVHxM8TcAYA ‚Ä¶",,,,9.94E+17,https://twitter.com/LootMountain/status/993772751621156864
IT Jobs Tennessee,ITTennessee,1/16/2018 4:08,0,0,"Tech Support Analyst: Job Summary About Flash Technology Flash Technology, an SPX Corporation business, provides certified FAA obstruction lighting systems, tower lights, and monitoring equipment to the telecom,‚Ä¶ http://tw.eet.link/QBPwn0 # IT # job # hiring # IT # techjob # ITJob",,,# # # # # #,9.53E+17,https://twitter.com/ITTennessee/status/953192118071148544
SPX FLOW,SPXFlow,4/17/2015 5:01,0,0,SPX flash technology provides an insight into international regulations for aviation obstruction lighting: http://ow.ly/LxMBG,,,,5.89E+17,https://twitter.com/SPXFlow/status/588990681865134080
jane west,westy1287,10/4/2012 11:56,0,0,"Flash Technology | SPX: Obstruction Lighting For Utilities, Broadcast, and Catenary. Flash Technology provides l... http://bit.ly/QvQ63Q",,,,2.54E+17,https://twitter.com/westy1287/status/253886266234503168
Bill Moore,TheSolarTech,6/22/2009 11:49,0,0,"Flash Technology To Provide Lighting For John Deere Wind Energy: based Flash Technology, an SPX subsidiary, has committe http://url4.eu/18RD",,,,2280426176,https://twitter.com/TheSolarTech/status/2280426176
Jobs in Tennessee,Tenn_HR,12/24/2017 8:00,0,0,"Tech Support Analyst: Job Summary About Flash Technology Flash Technology, an SPX Corporation business, provides certified FAA obstruction lighting systems, tower lights, and monitoring equipment to the telecom,‚Ä¶ http://tw.eet.link/Q7Qgz0 # IT # job # hiring # IT # techjob # ITJob",,,# # # # # #,9.45E+17,https://twitter.com/Tenn_HR/status/944915582415073280
Jordan Hayes,publicistreport,5/15/2017 7:37,0,0,"Global LED Obstruct Lighting Market-Flash Technology (SPX), Obelux, Dialight, TRANBERG http://publicistreport.com/electronics/global-led-obstruct-lighting-market.html ‚Ä¶",,,,8.64E+17,https://twitter.com/publicistreport/status/864082313776443392
TechAnnouncer,TechAnnouncer,4/14/2017 7:57,0,0,"Global LED Obstruct Lighting Market 2017 - Carmanah Technologies, Hughey & Phillips, Dialight, Flash Technology (SPX), Avlite, Orga Aviat... pic.twitter.com/iBtnSUF3bN",,,,8.53E+17,https://twitter.com/TechAnnouncer/status/852853426711130112
RandomURL,RandomURL,10/4/2012 12:26,0,0,"Flash Technology | SPX: Obstruction Lighting For Utilities, Broadcast, and Catenary. Flash Technology provides l... http://bit.ly/T5Rw92",,,,2.54E+17,https://twitter.com/RandomURL/status/253893816828981248
Flash Technology,flashtechnology,7/2/2018 10:27,0,0,"Our offices and manufacturing facility will be closed on Wednesday, July 4 for Independence Day. The NOC will be available should you require customer support. 800.821.5825 | flashnoc@spx.compic.twitter.com/gnOXtG6NTF",,@spx,,1.01E+18,https://twitter.com/flashtechnology/status/1013791223411339265
Flash Technology,flashtechnology,6/7/2018 12:15,0,0,"As carriers retire aging networks, 3G modems will no longer be able to conduct automated notifications as required by the FCC. Flash advises clients to start budgeting for & replacing 3G modems now to ensure continued monitoring compliance. Upgrade to LTE: http://ow.ly/zzMT30kmZfv",,,,1.00E+18,https://twitter.com/flashtechnology/status/1004758671820238848
Flash Technology,flashtechnology,6/23/2016 15:48,0,0,"4,330 sites in 13 months. How to thank staff for their hard work on a hot summer day? # icecreampartypic.twitter.com/g8OpN2ZiRH",,,#,7.46E+17,https://twitter.com/flashtechnology/status/746067376420978689
Flash Technology,flashtechnology,10/10/2011 16:36,0,0,"Flash Technology will be at AWEA Offshore tomorrow, will we see you? http://conta.cc/ozEeST # constantcontact",,,#,1.23E+17,https://twitter.com/flashtechnology/status/123497156119232512
Flash Technology,flashtechnology,5/19/2011 16:51,0,0,Flash Technology Launches New DC-powered Meteorological Ligh... http://conta.cc/jehb9S via # constantcontact,,,#,7.13E+16,https://twitter.com/flashtechnology/status/71317071178375168
Flash Technology,flashtechnology,10/25/2010 7:01,0,0,"Flash Technology @CANWEA¬ís Annual Conference & Expo, November 1-3 Montreal, Quebec ... http://conta.cc/bxRflz via # constantcontact",,@CANWEA,#,28679740083,https://twitter.com/flashtechnology/status/28679740083
Flash Technology,flashtechnology,9/28/2010 6:02,0,0,"Come see Flash Technology's at AWEA Offshore Oct 5-7 in Atlantic City, NJ.... http://conta.cc/bFraAY via # constantcontact",,,#,25771206937,https://twitter.com/flashtechnology/status/25771206937
Outstanding Coins,OutstandingCoi,4/19/2018 15:26,0,0,Flash Technology PC310 Power Converter FAA Obstruction Lighting http://amordad.steinstone.info/US/categories/twt/?item=232739917010 ‚Ä¶,,,,9.87E+17,https://twitter.com/OutstandingCoi/status/987049760648585216
IT Jobs Tennessee,ITTennessee,12/29/2017 7:14,0,0,"Tech Support Analyst: Job Summary About Flash Technology Flash Technology, an SPX Corporation business, provides certified FAA obstruction lighting systems, tower lights, and monitoring equipment to the telecom,‚Ä¶ http://tw.eet.link/Q84GkJ # IT # job # hiring # IT # techjob # ITJob",,,# # # # # #,9.47E+17,https://twitter.com/ITTennessee/status/946715952686686208
Patricia W. Adam,patriciawadam,11/16/2016 4:12,0,0,FLASH TECHNOLOGY FH 3620-2 NEW LED TOWER LIGHT FAA L-864/865 https://goo.gl/fb/Szgywt,,,,7.99E+17,https://twitter.com/patriciawadam/status/798816060195500033
Gulf Coast Avionics,GCAvionics,3/1/2016 15:02,0,0,"NASA, FAA Team On Emerging Technology Workshop - AVweb flash Article http://ht.ly/YUDzu",,,,7.05E+17,https://twitter.com/GCAvionics/status/704758670589104128
üá∫üá∏U.S. Flash Feedüá∫üá∏,Flash_Feed,5/13/2014 17:26,0,0,Airliner-Drone Near Miss Spurring FAA to Clamp Down on UAVs - See on Scoop.it - Flash Technology News It‚Äôs... http://tmblr.co/ZUbd0y1FnaJaY,,,,4.66E+17,https://twitter.com/Flash_Feed/status/466328530289430529
indiaupdates,indiaupdates,4/29/2010 18:30,0,0,FAA GIVES INSIDE LOOK AT NEW SATELLITE TECHNOLOGY | Best news: Apple's Steve Jobs attacks Adobe's Flash technology as unfit for iPhone...,,,,13093478297,https://twitter.com/indiaupdates/status/13093478297
Caribou Lighting,CaribouLighting,3/18/2010 22:34,0,0,"Lighting for offshore MET towers and wind turbines : Wind power ...: Flash Technology, the US developer of FAA lig... http://bit.ly/bUS1GR",,,,10702559572,https://twitter.com/CaribouLighting/status/10702559572
American Wind Energy,AWEA,6/22/2009 12:45,0,0,Flash Technology to provide FAA aircraft warning lights for John Deere wind projects: http://bit.ly/Q8hlB,,,,2281166481,https://twitter.com/AWEA/status/2281166481
Jobs in Tennessee,Tenn_HR,12/24/2017 8:00,0,0,"Tech Support Analyst: Job Summary About Flash Technology Flash Technology, an SPX Corporation business, provides certified FAA obstruction lighting systems, tower lights, and monitoring equipment to the telecom,‚Ä¶ http://tw.eet.link/Q7Qgz0 # IT # job # hiring # IT # techjob # ITJob",,,# # # # # #,9.45E+17,https://twitter.com/Tenn_HR/status/944915582415073280
Charles Donnelly,wind_power_home,3/18/2010 21:51,0,0,"Lighting for offshore MET towers and wind turbines : Wind power ...: Flash Technology, the US developer of FAA lig... http://bit.ly/9PLnuC",,,,10700729704,https://twitter.com/wind_power_home/status/10700729704
RSC Equipment Rental,RSCEquipment,6/22/2009 12:52,0,0,RT: AWEA Flash Technology to provide FAA aircraft warning lights for John Deere wind projects: http://bit.ly/Q8hlB,,,,2281249125,https://twitter.com/RSCEquipment/status/2281249125
@paulonwind,paulonwind,3/2/2018 14:15,0,0,Flash Technology post bulletin on power supply in Vanguard medium FTS 370 (obstruction light) systems https://goo.gl/PsmUYU # windpower # windindustrypic.twitter.com/4Pg5I7nZ2w,,,# #,9.70E+17,https://twitter.com/paulonwind/status/969652310149292032
JessicaJames,jessicajames942,10/6/2016 8:48,0,0,"Flash Technology, LLC Launches Vanguard¬Æ Red Series - http://wp.me/p7ekkL-hz7",,,,7.84E+17,https://twitter.com/jessicajames942/status/784012362433044484
cdtoad,cdtoad,12/5/2012 11:48,0,0,Obstruction light more compact for simpler installation: Flash Technology Vanguard FTS 370i provides multiple fl... http://bit.ly/XqGiOC,,,,2.76E+17,https://twitter.com/cdtoad/status/276367542455513088
Scott Feinberg,ScottFeinberg,11/23/2009 12:03,0,0,FLASH: PGA to honor Joss Whedon with 2010 Vanguard Award for achievement in new media and technology.,,,,5981462358,https://twitter.com/ScottFeinberg/status/5981462358
TheAppWhisperer.com,TheAppWhisperer,10/5/2009 4:45,0,0,Adobe tries keeping Flash in Web vanguard: Stephen Shankland writes about a wide range of technology and produc.. http://bit.ly/2AQmaF,,,,4624079257,https://twitter.com/TheAppWhisperer/status/4624079257
ecoustics,ecoustics,10/5/2009 4:30,0,0,# technology # news Adobe tries keeping Flash in Web vanguard: Some want browsers t.. http://bit.ly/IoPRV @ eCoustics,,@,# #,4623921013,https://twitter.com/ecoustics/status/4623921013
fullnelson,fullnelson,5/29/2009 17:21,0,0,"Notes; ‚ÄúJapan: Robot Nation‚Äù Current TV: Vanguard, Dec 11, ‚Äô08 (VIDEO: Flash) http://bit.ly/16JaJx (Demographics, Population, Technology)",,,,1964516596,https://twitter.com/fullnelson/status/1964516596
IreneManning,irenemanning491,10/11/2016 20:55,0,0,"Flash Technology, LLC Launches Vanguard¬Æ Red Series - http://wp.me/p7jhDb-iJg",,,,7.86E+17,https://twitter.com/irenemanning491/status/786007414067736576
whichcellphoneapp,whichcellphonea,10/5/2009 4:45,0,0,Adobe tries keeping Flash in Web vanguard: Stephen Shankland writes about a wide range of technology and produc.. http://bit.ly/2AQmaF,,,,4624079609,https://twitter.com/whichcellphonea/status/4624079609
Flash Technology,flashtechnology,7/17/2018 15:05,0,0,The FTB 205 high intensity xenon tower lighting system now ships with a new coupling transformer assembly. Integrating couplers increases the reliability of the lighting system by improving tube and trigger performance. Instruction sheet and manual at http://ow.ly/blXD30kZQjZ pic.twitter.com/mmrl4tUqeB,,,,1.02E+18,https://twitter.com/flashtechnology/status/1019296983201091584
Flash Technology,flashtechnology,9/7/2010 7:03,0,0,Flash Technology's advanced MET tower lighting solutions wil... http://conta.cc/cyVKGo via # constantcontact,,,#,23227725515,https://twitter.com/flashtechnology/status/23227725515
Flash Technology,flashtechnology,7/17/2018 15:05,0,0,The FTB 205 high intensity xenon tower lighting system now ships with a new coupling transformer assembly. Integrating couplers increases the reliability of the lighting system by improving tube and trigger performance. Instruction sheet and manual at http://ow.ly/blXD30kZQjZ pic.twitter.com/mmrl4tUqeB,,,,1.02E+18,https://twitter.com/flashtechnology/status/1019296983201091584
BYUEnglishInternship,BYUEnglintern,3/28/2017 16:51,0,0,Apply before Apr 16 for a technical writing # internship with IM Flash Technologies. @ flashtechnology # writing http://englishinternships.byu.edu/?p=1607 pic.twitter.com/kCud4FW864,,@,# #,8.47E+17,https://twitter.com/BYUEnglintern/status/846827231003389952
DataGroup Asia,DataGroupAsia,5/26/2015 16:34,0,0,Flash Technology http://dg-di.cn/DG/11/7793.htm # FlashTechnology # UnitedStates # TacticalStrategic # Report # Corporate # Profit # Loss # Company,,,# # # # # # # #,6.03E+17,https://twitter.com/DataGroupAsia/status/603298103895142400
Flash Technology,flashtechnology,10/10/2011 16:36,0,0,"Flash Technology will be at AWEA Offshore tomorrow, will we see you? http://conta.cc/ozEeST # constantcontact",,,#,1.23E+17,https://twitter.com/flashtechnology/status/123497156119232512
Flash Technology,flashtechnology,9/22/2011 17:34,0,0,Flash Technology will be at CANWEA http://conta.cc/nWmLkd # constantcontact,,,#,1.17E+17,https://twitter.com/flashtechnology/status/116988879952818176
Flash Technology,flashtechnology,9/22/2011 9:41,0,0,Flash Technology wants to see you at PCIA http://conta.cc/rqUcoM # constantcontact,,,#,1.17E+17,https://twitter.com/flashtechnology/status/116869737157369857
Flash Technology,flashtechnology,6/24/2011 10:26,0,0,Light the Wind - News from Flash Technology http://conta.cc/jazpvK via # constantcontact,,,#,8.43E+16,https://twitter.com/flashtechnology/status/84266162405376000
Flash Technology,flashtechnology,5/19/2011 16:51,0,0,Flash Technology Launches New DC-powered Meteorological Ligh... http://conta.cc/jehb9S via # constantcontact,,,#,7.13E+16,https://twitter.com/flashtechnology/status/71317071178375168
Flash Technology,flashtechnology,5/9/2011 13:26,0,0,Flash Technology at Windpower 2011 http://conta.cc/knZ9JI via # constantcontact,,,#,6.76E+16,https://twitter.com/flashtechnology/status/67641613173784578
Flash Technology,flashtechnology,10/25/2010 7:01,0,0,"Flash Technology @CANWEA¬ís Annual Conference & Expo, November 1-3 Montreal, Quebec ... http://conta.cc/bxRflz via # constantcontact",,@CANWEA,#,28679740083,https://twitter.com/flashtechnology/status/28679740083
ArticlesMagic Plus!,ArticlesMP,9/30/2010 5:06,0,0,Ignoring # PDF to Flash Technology can be a huge mistake http://goo.gl/fb/G3wzC # businessesonline # flashtechnology,,,# # #,25963114730,https://twitter.com/ArticlesMP/status/25963114730
Flash Technology,flashtechnology,9/28/2010 6:02,0,0,"Come see Flash Technology's at AWEA Offshore Oct 5-7 in Atlantic City, NJ.... http://conta.cc/bFraAY via # constantcontact",,,#,25771206937,https://twitter.com/flashtechnology/status/25771206937
Flash Technology,flashtechnology,9/7/2010 7:03,0,0,Flash Technology's advanced MET tower lighting solutions wil... http://conta.cc/cyVKGo via # constantcontact,,,#,23227725515,https://twitter.com/flashtechnology/status/23227725515
BigBox Power,BigboxPower,6/21/2018 4:48,0,0,Flash Technology - FTS 371 DC - A1 Towers - Red Obstruction Lighting System https://goo.gl/qHxmpY pic.twitter.com/TpTEV1Fqtd,,,,1.01E+18,https://twitter.com/BigboxPower/status/1009719793329598470
@paulonwind,paulonwind,3/2/2018 14:15,0,0,Flash Technology post bulletin on power supply in Vanguard medium FTS 370 (obstruction light) systems https://goo.gl/PsmUYU # windpower # windindustrypic.twitter.com/4Pg5I7nZ2w,,,# #,9.70E+17,https://twitter.com/paulonwind/status/969652310149292032
Shawn Wilkerson,WhelenVortexR,12/11/2013 20:50,0,0,I liked a @ YouTube video http://youtu.be/AClSe4b-uv0?a 2013 Radio magazine Pick Hit: Flash Technology FTS 370w,,@,,4.11E+17,https://twitter.com/WhelenVortexR/status/410949871718637568
Radio magazine,Radiomagazine,5/10/2013 11:37,0,0,Flash Technology FTS 370w: Solid-state tower lighting and 2013 Pick Hit Award Winner http://bit.ly/15Ug4ZD,,,,3.33E+17,https://twitter.com/Radiomagazine/status/332882150099677184
cdtoad,cdtoad,12/5/2012 11:48,0,0,Obstruction light more compact for simpler installation: Flash Technology Vanguard FTS 370i provides multiple fl... http://bit.ly/XqGiOC,,,,2.76E+17,https://twitter.com/cdtoad/status/276367542455513088
People Exclusive,PeoplExclusive,7/18/2018 7:24,0,0,"Global LED Obstruct Lighting Market Current and Future Prospect by 2023: Avlite, Dialight, Flash Technology (SPX) and Hughey & Phillips https://peopleexclusive.com/global-led-obstruct-lighting-market-current-and-future-prospect-challenges/ ‚Ä¶",,,,1.02E+18,https://twitter.com/PeoplExclusive/status/1019543385617633280
Loot Mountain,LootMountain,5/8/2018 4:41,0,0,"... Delta Box, Shenzhen Xingbiao, OBSTA, Orga Aviation, Holland Aviation, Shenzhen Ruibu, International Tower Lighting, Flash Technology ( SPX ), Dialight, Obelux, Hubbell Incorporated and Cooper Industries. LED O .. https://www.google.com/url?rct=j&sa=t&url=https://theanalystfinancial.com/191279/led-obstruct-lighting-market-development-by-2023-hughey-phillips-avlite-dialight-and-flash-technology-spx/&ct=ga&cd=CAIyHDAxNGFjNDI5ZGFjY2I1ODM6Y29tOmVuOlVTOlI&usg=AFQjCNE7BeEQefSlaE9bWdvgVHxM8TcAYA ‚Ä¶",,,,9.94E+17,https://twitter.com/LootMountain/status/993772751621156864
IT Jobs Tennessee,ITTennessee,1/16/2018 4:08,0,0,"Tech Support Analyst: Job Summary About Flash Technology Flash Technology, an SPX Corporation business, provides certified FAA obstruction lighting systems, tower lights, and monitoring equipment to the telecom,‚Ä¶ http://tw.eet.link/QBPwn0 # IT # job # hiring # IT # techjob # ITJob",,,# # # # # #,9.53E+17,https://twitter.com/ITTennessee/status/953192118071148544
Global LEDsOLEDs,GlobalLEDsOLEDs,5/2/2017 8:14,0,0,"Global Medium Intensity LED Obstruct Light Market 2017 - Dialight, Avlite, Flash Technology (SPX), Orga Aviation,... http://fb.me/ypmmQSEf",,,,8.59E+17,https://twitter.com/GlobalLEDsOLEDs/status/859380595238907904
D. Pryor,TheOriginator23,8/6/2015 13:40,0,0,SPX Flash Technology is doing a great job so far lol. Gave me a birthday‚Ä¶ https://instagram.com/p/6DPdm8RQL9Yovy35RT_wnDkQl_W7Ho7V2dfK40/ ‚Ä¶,,,,6.29E+17,https://twitter.com/TheOriginator23/status/629346381371699200
SPX FLOW,SPXFlow,4/17/2015 5:01,0,0,SPX flash technology provides an insight into international regulations for aviation obstruction lighting: http://ow.ly/LxMBG,,,,5.89E+17,https://twitter.com/SPXFlow/status/588990681865134080
Intensity Jobs,intensityjobs,12/18/2013 7:37,0,0,"Product Support Manager: TN-Nashville, Business Unit Description Flash Technology, an SPX brand, has been... http://dlvr.it/4XJh9S",,,,4.13E+17,https://twitter.com/intensityjobs/status/413286910778294272
jane west,westy1287,10/4/2012 11:56,0,0,"Flash Technology | SPX: Obstruction Lighting For Utilities, Broadcast, and Catenary. Flash Technology provides l... http://bit.ly/QvQ63Q",,,,2.54E+17,https://twitter.com/westy1287/status/253886266234503168
Bill Moore,TheSolarTech,6/22/2009 11:49,0,0,"Flash Technology To Provide Lighting For John Deere Wind Energy: based Flash Technology, an SPX subsidiary, has committe http://url4.eu/18RD",,,,2280426176,https://twitter.com/TheSolarTech/status/2280426176
Jobs in Tennessee,Tenn_HR,12/24/2017 8:00,0,0,"Tech Support Analyst: Job Summary About Flash Technology Flash Technology, an SPX Corporation business, provides certified FAA obstruction lighting systems, tower lights, and monitoring equipment to the telecom,‚Ä¶ http://tw.eet.link/Q7Qgz0 # IT # job # hiring # IT # techjob # ITJob",,,# # # # # #,9.45E+17,https://twitter.com/Tenn_HR/status/944915582415073280
Jordan Hayes,publicistreport,5/15/2017 7:37,0,0,"Global LED Obstruct Lighting Market-Flash Technology (SPX), Obelux, Dialight, TRANBERG http://publicistreport.com/electronics/global-led-obstruct-lighting-market.html ‚Ä¶",,,,8.64E+17,https://twitter.com/publicistreport/status/864082313776443392
TechAnnouncer,TechAnnouncer,4/14/2017 7:57,0,0,"Global LED Obstruct Lighting Market 2017 - Carmanah Technologies, Hughey & Phillips, Dialight, Flash Technology (SPX), Avlite, Orga Aviat... pic.twitter.com/iBtnSUF3bN",,,,8.53E+17,https://twitter.com/TechAnnouncer/status/852853426711130112
RandomURL,RandomURL,10/4/2012 12:26,0,0,"Flash Technology | SPX: Obstruction Lighting For Utilities, Broadcast, and Catenary. Flash Technology provides l... http://bit.ly/T5Rw92",,,,2.54E+17,https://twitter.com/RandomURL/status/253893816828981248
Flash Technology,flashtechnology,7/17/2018 15:05,0,0,The FTB 205 high intensity xenon tower lighting system now ships with a new coupling transformer assembly. Integrating couplers increases the reliability of the lighting system by improving tube and trigger performance. Instruction sheet and manual at http://ow.ly/blXD30kZQjZ pic.twitter.com/mmrl4tUqeB,,,,1.02E+18,https://twitter.com/flashtechnology/status/1019296983201091584
corkyd,corkyd,7/16/2018 7:08,0,0,FLASH TECHNOLOGY TOWER SAFETY OBSTRUCTION LIGHTING Radio Cell Light Assembly Hurry # towersafety # safetylighting # safetytechnologyhttps://ebay.to/2zF8BmL,,,# # #,1.02E+18,https://twitter.com/corkyd/status/1018814588215799808
Loot Mountain,LootMountain,5/8/2018 4:41,0,0,"... Delta Box, Shenzhen Xingbiao, OBSTA, Orga Aviation, Holland Aviation, Shenzhen Ruibu, International Tower Lighting, Flash Technology ( SPX ), Dialight, Obelux, Hubbell Incorporated and Cooper Industries. LED O .. https://www.google.com/url?rct=j&sa=t&url=https://theanalystfinancial.com/191279/led-obstruct-lighting-market-development-by-2023-hughey-phillips-avlite-dialight-and-flash-technology-spx/&ct=ga&cd=CAIyHDAxNGFjNDI5ZGFjY2I1ODM6Y29tOmVuOlVTOlI&usg=AFQjCNE7BeEQefSlaE9bWdvgVHxM8TcAYA ‚Ä¶",,,,9.94E+17,https://twitter.com/LootMountain/status/993772751621156864
Opine‚öõÔ∏èENERGY,opineENERGY,12/11/2017 5:49,0,0,"LED Obstruct Lighting Market: (Carmanah Technologies, Hughey & Phillips, Dialight, Avlite, Flash Technology) ‚Äì EMEA (Europe, Middle East And Africa) Industry Analysis, Size, Share, Growth, Trends and Forecast 2017 ‚Äì 2022 http://ift.tt/2A9vpXN # Opines on # Energy",,,# #,9.40E+17,https://twitter.com/opineENERGY/status/940171734291972097
TechAnnouncer,TechAnnouncer,4/14/2017 7:57,0,0,"Global LED Obstruct Lighting Market 2017 - Carmanah Technologies, Hughey & Phillips, Dialight, Flash Technology (SPX), Avlite, Orga Aviat... pic.twitter.com/iBtnSUF3bN",,,,8.53E+17,https://twitter.com/TechAnnouncer/status/852853426711130112
Chris Young,Norsunenergy,4/29/2016 10:19,0,0,"Flash Technology Enhances Remote-Monitoring Solutions For Obstruction Lighting http://ift.tt/1rEV3iv Franklin, Tenn.-based Flash Techno‚Ä¶",,,,7.26E+17,https://twitter.com/Norsunenergy/status/726053332020789248
SPX FLOW,SPXFlow,4/17/2015 5:01,0,0,SPX flash technology provides an insight into international regulations for aviation obstruction lighting: http://ow.ly/LxMBG,,,,5.89E+17,https://twitter.com/SPXFlow/status/588990681865134080
corkyd,corkyd,7/15/2018 7:08,0,0,FLASH TECHNOLOGY TOWER SAFETY OBSTRUCTION LIGHTING Radio Cell Light Assembly Best Ever ! # towersafety # safetylighting # safetytechnologyhttps://ebay.to/2zF8BmL,,,# # #,1.02E+18,https://twitter.com/corkyd/status/1018452315089588225
Drachmae Project,E_Drachma,4/14/2017 7:57,0,0,"Global LED Obstruct Lighting Market 2017 - Carmanah Technologies, Hughey & Phillips, Dialight, Flash Technology (SPX), Avlite, Orga Aviat... pic.twitter.com/v0npl7qXHr",,,,8.53E+17,https://twitter.com/E_Drachma/status/852853421015224320
Patricia W. Adam,patriciawadam,2/11/2017 13:58,0,0,Flash Technology FH 3620 FH3620 LED Medium Intensity Obstruction Lighting System https://goo.gl/fb/HMtH52,,,,8.30E+17,https://twitter.com/patriciawadam/status/830491260934828032
IT Jobs Tennessee,ITTennessee,12/29/2017 7:14,0,0,"Tech Support Analyst: Job Summary About Flash Technology Flash Technology, an SPX Corporation business, provides certified FAA obstruction lighting systems, tower lights, and monitoring equipment to the telecom,‚Ä¶ http://tw.eet.link/Q84GkJ # IT # job # hiring # IT # techjob # ITJob",,,# # # # # #,9.47E+17,https://twitter.com/ITTennessee/status/946715952686686208
Opine‚öõÔ∏èENERGY,opineENERGY,12/11/2017 5:34,0,0,"PRESS RELEASE ¬ª LED Obstruct Lighting Market: (Carmanah Technologies, Hughey & Phillips, Dialight, Avlite, Flash Technology) ‚Äì EMEA (Europe, Middle East And Africa) Industry Analysis, Size, Share, Growth, Trends and Forecast 2017 ‚Äì 2022 http://ift.tt/2A9vpXN # Opines on #‚Ä¶",,,# #,9.40E+17,https://twitter.com/opineENERGY/status/940168026229559297
People Exclusive,PeoplExclusive,11/18/2017 3:04,0,0,"Global LED Obstruct Lighting Market-KeyPlayers: Flash Technology (SPX), Dialight, Avlite, Hughey & Phillips and‚Ä¶ http://peopleexclusive.com/global-led-obstruct-lighting-market-keyplayers/ ‚Ä¶",,,,9.32E+17,https://twitter.com/PeoplExclusive/status/931795272069459968
Patricia W. Adam,patriciawadam,3/21/2017 4:43,0,0,FLASH TECHNOLOGY FH3620-2 TOWER SAFETY LED OBSTRUCTION LIGHTING Radio https://goo.gl/fb/sJvlhb,,,,8.44E+17,https://twitter.com/patriciawadam/status/844107067380158464
Radio magazine,Radiomagazine,5/10/2013 11:37,0,0,Flash Technology FTS 370w: Solid-state tower lighting and 2013 Pick Hit Award Winner http://bit.ly/15Ug4ZD,,,,3.33E+17,https://twitter.com/Radiomagazine/status/332882150099677184
Cyrulah,Millennial_Rule,5/20/2011 14:56,0,0,Flash Technology Launches DC-Powered Meteorological Lighting Package - North American Windpower: Flash Technolog... http://bit.ly/lLdUi2,,,,7.17E+16,https://twitter.com/Millennial_Rule/status/71650437610209280
Bill Moore,TheSolarTech,6/22/2009 11:49,0,0,"Flash Technology To Provide Lighting For John Deere Wind Energy: based Flash Technology, an SPX subsidiary, has committe http://url4.eu/18RD",,,,2280426176,https://twitter.com/TheSolarTech/status/2280426176
