username,user_handle,date,retweets,favorites,text,geological_location,mentions,hashtags,tweet_id,permalink
Canon Malaysia,CanonCameraMsia,2018-04-17 06:30,0,0,"Witness history in the making with Speedlite 470EX-AI; the world‚Äôs first auto intelligence flash, power packed with revolutionary technology to find the optimal bounce angle for lighting your subject. Find out more: http://bit.ly/2vnBhii https://www.facebook.com/CanonMalaysia/videos/10156528598032708/ ‚Ä¶",,,,"986190047614504961",https://twitter.com/CanonCameraMsia/status/986190047614504961
Magnima LLC,magnima_us,2018-03-04 20:00,1,2,"LED light ring for smoother lighting than your phone's flash. # blog # 3D # wordpress # server # computerscience # developer # software # computing # computer # smartphone # education # technical # presentation # technology # tech # vlog # microsoft # programmer # programmersday # coding # java pic.twitter.com/YvljhXovo6",,,# # # # # # # # # # # # # # # # # # # # #,"970463909433020422",https://twitter.com/magnima_us/status/970463909433020422
595strapco,595strapco,2018-02-26 04:30,0,1,"# photography Canon‚Äôs 470EX-AI is the World‚Äôs First Flash with AI Bounce - Canon has announced the new 470EX-AI, a flash with a new ‚Äúrevolutionary‚Äù technology called Auto Intelligent (AI) Bounce. It can figure out the optimal bounce angle for lighting ... http://ow.ly/YSO150gDtR4",,,#,"968055747769716736",https://twitter.com/595strapco/status/968055747769716736
Photoxels,photoxels,2018-02-26 04:22,0,0,"Canon Speedlite 470EX-AI Flash is the World‚Äôs First Flash with Auto Intelligent Bounce Technology to Get Ideal Lighting Conditions Indoors & Professional-Looking Flash Photography https://www.photoxels.com/pr-canon-470exai/ ‚Ä¶ via @ photoxels",,@,,"968053567155089408",https://twitter.com/photoxels/status/968053567155089408
‚úñBROOKLYNs11B üëª‚úñüìπ,BROOKLYNs11B,2018-02-09 08:40,0,1,"Not the case , the technology is called Faster Than Lighting aka FTL which is why the delay times are low. Which is part of the reason why they bought beam. User size has absolutely nothing to do with it @ Twitch is ran using flash which is older tech and a resource hog # Slow",,@,#,"961958066076856321",https://twitter.com/BROOKLYNs11B/status/961958066076856321
Michael Smith,LIGHTINGAGENT,2017-05-20 14:13,0,1,"Global LED Obstruct Lighting Market-Flash Technology (SPX), Obelux, Dialight, TRANBERG - Publicist Report - Market Research News by Market.‚Ä¶",,,,"865993821888405504",https://twitter.com/LIGHTINGAGENT/status/865993821888405504
Cheers for Cameras,camera_cheers,2017-03-29 15:08,0,0,"Join 4 people right now at "Lighting 103: When Not to Gel Your Flash" # cheers # cameras # photography # technology‚Ä¶ http://bit.ly/2n4BjSs pic.twitter.com/BJHrycCjQW",,,# # # #,"847163610484752384",https://twitter.com/camera_cheers/status/847163610484752384
Patricia W. Adam,patriciawadam,2017-03-26 15:20,0,1,"Tower Lighting !!!! Vanguard Led Series By Flash Technology FTS 370d https://goo.gl/fb/UEKBlT",,,,"846079320384716800",https://twitter.com/patriciawadam/status/846079320384716800
Mercury Case PH,MercuryCasePH,2016-10-19 22:14,0,0,"SG Design develops illuminating case by utilizing LED Flash Alert Energy Saving Technology Features Lighting... http://fb.me/VjKTlh40",,,,"788926331933356032",https://twitter.com/MercuryCasePH/status/788926331933356032
Tech Journal,TechJournal1,2016-06-27 16:39,0,1,"SG LED Lighting Case iPhone 6 Case Flash Lighting Clear ... - # tech # technology # technews http://techjournal.xyz/sg-led-lighting-case-iphone-6-case-flash-lighting-clear-case-6-types-korea-made-lights-up-for-alertscalls/ ‚Ä¶pic.twitter.com/jmY5oVasrg",,,# # #,"747529880506605568",https://twitter.com/TechJournal1/status/747529880506605568
James Techerit,Techerit,2016-05-15 12:40,0,2,"Rose Gold iKlips, iPhone flash drive! Apple Lighting USB # gadget # technology pic.twitter.com/X4fun6xVPk",,,# #,"731887077701365761",https://twitter.com/Techerit/status/731887077701365761
Lechoslaw George,LechoslawTech,2016-05-06 13:12,3,1,"iKlips 256GB Lightning USB 3.0 Dual-Interface Flash Drive # Fast, # FlashDrive, # Lighting, # Technology # innovation # g‚Ä¶pic.twitter.com/VCTei2C5YO",,,# # # # # #,"728633444071317505",https://twitter.com/LechoslawTech/status/728633444071317505
Crowdfunder's news,crowdfundernews,2016-02-27 05:20,8,5,"Help make it happen for ActingLight - Lighting the future on @ indiegogo http://igg.me/p/1628704/twtr # crowdfunding # technology # flash",,@,# # #,"703525123668709376",https://twitter.com/crowdfundernews/status/703525123668709376
Emily Dresch,DreschEmily,2015-10-02 12:25,3,3,"# MFGDay15 learning about tower lighting at Flash Technology @ williamson_incpic.twitter.com/lGztSMDzGa",,@,#,"649983660754632705",https://twitter.com/DreschEmily/status/649983660754632705
BabyDre,drelynhunt,2015-06-09 01:27,0,1,"We went from lighting bic lighters to Turing the flash on our iPhones at concerts.. Technology is everything.",,,,"608143411611197440",https://twitter.com/drelynhunt/status/608143411611197440
Intermatic,intermatic,2015-05-05 15:07,2,5,"An arc flash can kill roadway LED lighting ‚Äì stop by booth #4414 to learn more about Zero-Cross Technology # LFI2015 http://youtu.be/gsTRIv57Jrw",,,#4414 #,"595666039981088769",https://twitter.com/intermatic/status/595666039981088769
Crowdfunding Center,CrowdfundCentre,2015-02-18 04:33,1,1,"Istor - Usb Flash Drive With Lighting... - TECHNOLOGY # crowdfunding project needs your support http://thecrowdfundingcentre.com/project/A4FB6X pic.twitter.com/jz8FtDDp9e",,,#,"567980104053178368",https://twitter.com/CrowdfundCentre/status/567980104053178368
LED professional,LEDprofessional,2015-02-06 04:35,1,0,"Edison Opto Introduces the Industry‚Äôs Brightest Flash LEDs ‚Äî LED professional - LED Lighting Technology, Application- http://go.shr.lc/1LTqawa",,,,"563632043813507074",https://twitter.com/LEDprofessional/status/563632043813507074
kgcentral,kgcentral,2015-01-02 10:21,0,1,"@ Nashville_RN @ MaxCRoser That's certainly an original take. I'm impressed by how much lighting technology has evolved since the flash bulb.",,@ @,,"551035555291865089",https://twitter.com/kgcentral/status/551035555291865089
Flash Technology,flashtechnology,2018-07-17 15:05,0,0,"The FTB 205 high intensity xenon tower lighting system now ships with a new coupling transformer assembly. Integrating couplers increases the reliability of the lighting system by improving tube and trigger performance. Instruction sheet and manual at http://ow.ly/blXD30kZQjZ pic.twitter.com/mmrl4tUqeB",,,,"1019296983201091584",https://twitter.com/flashtechnology/status/1019296983201091584
corkyd,corkyd,2018-07-16 07:08,0,0,"FLASH TECHNOLOGY TOWER SAFETY OBSTRUCTION LIGHTING Radio Cell Light Assembly Hurry # towersafety # safetylighting # safetytechnologyhttps://ebay.to/2zF8BmL",,,# # #,"1018814588215799808",https://twitter.com/corkyd/status/1018814588215799808
Flash Technology,flashtechnology,2018-07-11 11:18,0,1,"Discover best practices for installing the Vanguard¬Æ Medium FTS 370d obstruction lighting system. https://youtu.be/fWKAkd0oLZU",,,,"1017065550650933248",https://twitter.com/flashtechnology/status/1017065550650933248
Target Solutions Ltd,Target_Sol,2018-07-10 11:25,0,0,"Ever wanted to know how to install LED lights that will flash in time with the music in your car? Here's how. Credit Nextgen Data Technologies # technology # lighting # LEDlights # music # speaker # targetsolutions # doityourself https://www.facebook.com/TargetSolutionsLtd/posts/2121309391440749 ‚Ä¶",,,# # # # # # #,"1016704994827960320",https://twitter.com/Target_Sol/status/1016704994827960320
Loot Mountain,LootMountain,2018-05-08 04:41,0,0,"... Delta Box, Shenzhen Xingbiao, OBSTA, Orga Aviation, Holland Aviation, Shenzhen Ruibu, International Tower Lighting, Flash Technology ( SPX ), Dialight, Obelux, Hubbell Incorporated and Cooper Industries. LED O .. https://www.google.com/url?rct=j&sa=t&url=https://theanalystfinancial.com/191279/led-obstruct-lighting-market-development-by-2023-hughey-phillips-avlite-dialight-and-flash-technology-spx/&ct=ga&cd=CAIyHDAxNGFjNDI5ZGFjY2I1ODM6Y29tOmVuOlVTOlI&usg=AFQjCNE7BeEQefSlaE9bWdvgVHxM8TcAYA ‚Ä¶",,,,"993772751621156864",https://twitter.com/LootMountain/status/993772751621156864
Cheers for Cameras,camera_cheers,2018-02-26 09:24,0,0,"Join 8 people right now at "Canon Speedlite 470EX-AI Flash is the Worlds First Flash with Auto Intelligent Bounce Technology to Get Ideal Lighting Conditions Indoors & Professional-Looking Flash Photography" # cheers # cameras # photography # technology‚Ä¶ http://cheers.ws/Z22sCD?utm_source=dlvr.it&utm_medium=twitter ‚Ä¶pic.twitter.com/o5NmvVEnRI",,,# # # #,"968129535488045056",https://twitter.com/camera_cheers/status/968129535488045056
Simpler Photography,SimplerPhotos,2018-02-26 02:45,0,1,"Canon‚Äôs 470EX-AI is the World‚Äôs First Flash with AI Bounce - Canon has announced the new 470EX-AI, a flash with a new ‚Äúrevolutionary‚Äù technology called Auto Intelligent (AI) Bounce. It can figure out the optimal bounce angle for lighting your subject.... http://ow.ly/6nxo50gDrgj",,,,"968029299646312448",https://twitter.com/SimplerPhotos/status/968029299646312448
Opine‚öõÔ∏èENERGY,opineENERGY,2017-12-11 05:49,0,0,"LED Obstruct Lighting Market: (Carmanah Technologies, Hughey & Phillips, Dialight, Avlite, Flash Technology) ‚Äì EMEA (Europe, Middle East And Africa) Industry Analysis, Size, Share, Growth, Trends and Forecast 2017 ‚Äì 2022 http://ift.tt/2A9vpXN # Opines on # Energy",,,# #,"940171734291972097",https://twitter.com/opineENERGY/status/940171734291972097
Redtronic,Redtronic,2017-12-06 12:00,0,0,"Redtronic products are at the cutting edge of lighting technology. We offer a fully-customisable experience including a variety of colours, flash patterns, syncronisation options and more! # VehicleLighting # WarningLightspic.twitter.com/99eqEc3ATB",,,# #,"938453103917092864",https://twitter.com/Redtronic/status/938453103917092864
TechAnnouncer,TechAnnouncer,2017-04-14 07:57,0,0,"Global LED Obstruct Lighting Market 2017 - Carmanah Technologies, Hughey & Phillips, Dialight, Flash Technology (SPX), Avlite, Orga Aviat... pic.twitter.com/iBtnSUF3bN",,,,"852853426711130112",https://twitter.com/TechAnnouncer/status/852853426711130112
Cheers for Tech,tech_cheers,2017-03-26 02:35,0,1,"Join 7 people right now at "Lighting 103: When Not to Gel Your Flash" # cheers # technology # tech # cameras # lighting‚Ä¶ http://bit.ly/2n4BjSs pic.twitter.com/rhSbootVKW",,,# # # # #,"845886932097785857",https://twitter.com/tech_cheers/status/845886932097785857
Chris Young,Norsunenergy,2016-04-29 10:19,0,0,"Flash Technology Enhances Remote-Monitoring Solutions For Obstruction Lighting http://ift.tt/1rEV3iv Franklin, Tenn.-based Flash Techno‚Ä¶",,,,"726053332020789248",https://twitter.com/Norsunenergy/status/726053332020789248
Nigel Hollingworth,Clearlensphoto,2015-08-11 12:48,0,0,"Flash Lighting: QA: How to Shoot Events Without TTL Flash: Technology is great. But it can also make us its sl... http://bit.ly/1TqceuP",,,,"631145096554024960",https://twitter.com/Clearlensphoto/status/631145096554024960
SPX FLOW,SPXFlow,2015-04-17 05:01,0,0,"SPX flash technology provides an insight into international regulations for aviation obstruction lighting: http://ow.ly/LxMBG",,,,"588990681865134080",https://twitter.com/SPXFlow/status/588990681865134080
CNN Create,CNNCreate,2015-01-20 06:01,0,0,"|| TECHNOLOGY Adorama Debuts Flashpoint Zoom Li-on On-Camera Flash Units & Lighting Accessories. Via @ShutterbugMag http://ow.ly/Hyi7O",,@ShutterbugMag,,"557493121282768896",https://twitter.com/CNNCreate/status/557493121282768896
corkyd,corkyd,2018-07-15 07:08,0,0,"FLASH TECHNOLOGY TOWER SAFETY OBSTRUCTION LIGHTING Radio Cell Light Assembly Best Ever ! # towersafety # safetylighting # safetytechnologyhttps://ebay.to/2zF8BmL",,,# # #,"1018452315089588225",https://twitter.com/corkyd/status/1018452315089588225
Dave Seeram,PhotographyBB,2018-02-26 04:31,1,1,"Canon‚Äôs 470EX-AI is the World‚Äôs First Flash with AI Bounce - Canon has announced the new 470EX-AI, a flash with a new ‚Äúrevolutionary‚Äù technology called Auto Intelligent (AI) Bounce. It can figure out the optimal bounce angle for lighting your subject.... http://ow.ly/GCVq50gDu6h",,,,"968055799460360192",https://twitter.com/PhotographyBB/status/968055799460360192
IT Jobs Tennessee,ITTennessee,2018-01-16 04:08,0,0,"Tech Support Analyst: Job Summary About Flash Technology Flash Technology, an SPX Corporation business, provides certified FAA obstruction lighting systems, tower lights, and monitoring equipment to the telecom,‚Ä¶ http://tw.eet.link/QBPwn0 # IT # job # hiring # IT # techjob # ITJob",,,# # # # # #,"953192118071148544",https://twitter.com/ITTennessee/status/953192118071148544
Cheers,C_H_E_E_R_S,2017-05-08 04:32,0,0,"Join 9 people right now at "Lighting 103: When Not to Gel Your Flash" # cheers # parties # cameras # technology‚Ä¶ http://bit.ly/2n4BjSs pic.twitter.com/XKHhQWNB5E",,,# # # #,"861499075551666176",https://twitter.com/C_H_E_E_R_S/status/861499075551666176
Drachmae Project,E_Drachma,2017-04-14 07:57,0,0,"Global LED Obstruct Lighting Market 2017 - Carmanah Technologies, Hughey & Phillips, Dialight, Flash Technology (SPX), Avlite, Orga Aviat... pic.twitter.com/v0npl7qXHr",,,,"852853421015224320",https://twitter.com/E_Drachma/status/852853421015224320
Patricia W. Adam,patriciawadam,2017-02-11 13:58,0,0,"Flash Technology FH 3620 FH3620 LED Medium Intensity Obstruction Lighting System https://goo.gl/fb/HMtH52",,,,"830491260934828032",https://twitter.com/patriciawadam/status/830491260934828032
IFS news,IFS_news,2016-10-16 19:59,0,1,"TECHNOLOGY: Need More Light? The Flash Bag Doubles as a Camera Bag and a Reflector # theflashbag # lighting https://goo.gl/PaMnTv pic.twitter.com/6a7DPr5Pl6",,,# #,"787805071715295232",https://twitter.com/IFS_news/status/787805071715295232
James Techerit,Techerit,2016-05-06 13:15,0,0,"iKlips 256GB Lightning USB 3.0 Dual-Interface Flash Drive # Fast, # FlashDrive, # Lighting, # Technology # gadget # techn‚Ä¶pic.twitter.com/XAHzXW1O5V",,,# # # # # #,"728634298941722624",https://twitter.com/Techerit/status/728634298941722624
Product Bake,productbake,2015-02-18 06:09,0,0,"RT TechCrowdfund: RT TechCrowdfund: RT CrowdfundSpirit: Istor - Usb Flash Drive With Lighting... - TECHNOLOGY # crowdfunding project needs y‚Ä¶",,,#,"568004313609605120",https://twitter.com/productbake/status/568004313609605120
Svend Eric Panjer,SvendEricPanjer,2015-01-23 04:44,0,0,"Food for thoughts IHS Technology News Flash: Ten Lighting and LED Trends to Watch in 2015 | IHS Online Pressroom http://press.ihs.com/press-release/technology/ihs-technology-news-flash-ten-lighting-and-led-trends-watch-2015 ‚Ä¶",,,,"558560988484894721",https://twitter.com/SvendEricPanjer/status/558560988484894721
Flash Projects,flash_projects,2014-11-15 02:28,0,0,"Animated video of Smart Lighting Technology (2Min Length) http://bit.ly/1vfzODj",,,,"533521983716085760",https://twitter.com/flash_projects/status/533521983716085760
CrowdfundingPromoter,jhony4942,2014-09-10 12:03,0,0,"Flash Right Fusion!A Revolutionary technology for photo & video lighting industry: https://www.indiegogo.com/projects/flashright-fusion/x/4259225 ‚Ä¶ # DSLR # crowdfunding # photography",,,# # #,"509733930216329217",https://twitter.com/jhony4942/status/509733930216329217
londonphoto,ldn_photo,2018-02-26 05:46,0,0,""Canon‚Äôs 470EX-AI is the World‚Äôs First Flash with AI Bounce" http://ift.tt/2Cmz5KD Michael Zhang Canon has announced the new 470EX-AI, a flash with a new ‚Äúrevolutionary‚Äù technology called Auto Intelligent (AI) Bounce. It can figure out the optimal bounce angle for lighting y‚Ä¶",,,,"968074737225207808",https://twitter.com/ldn_photo/status/968074737225207808
chinadeals,chinasecretdeal,2018-02-05 02:22,0,0,"Other Deals: Flash Deals: Up to 79% OFF for Lights & Lighting from BANGGOOD TECHNOLOGY CO., LIMITED https://chinacoupon.info/?p=53168 pic.twitter.com/XX6PZ6AqxC",,,,"960413347253452800",https://twitter.com/chinasecretdeal/status/960413347253452800
IT Jobs Tennessee,ITTennessee,2017-12-29 07:14,0,0,"Tech Support Analyst: Job Summary About Flash Technology Flash Technology, an SPX Corporation business, provides certified FAA obstruction lighting systems, tower lights, and monitoring equipment to the telecom,‚Ä¶ http://tw.eet.link/Q84GkJ # IT # job # hiring # IT # techjob # ITJob",,,# # # # # #,"946715952686686208",https://twitter.com/ITTennessee/status/946715952686686208
Opine‚öõÔ∏èENERGY,opineENERGY,2017-12-11 05:34,0,0,"PRESS RELEASE ¬ª LED Obstruct Lighting Market: (Carmanah Technologies, Hughey & Phillips, Dialight, Avlite, Flash Technology) ‚Äì EMEA (Europe, Middle East And Africa) Industry Analysis, Size, Share, Growth, Trends and Forecast 2017 ‚Äì 2022 http://ift.tt/2A9vpXN # Opines on #‚Ä¶",,,# #,"940168026229559297",https://twitter.com/opineENERGY/status/940168026229559297
People Exclusive,PeoplExclusive,2017-11-18 03:04,0,0,"Global LED Obstruct Lighting Market-KeyPlayers: Flash Technology (SPX), Dialight, Avlite, Hughey & Phillips and‚Ä¶ http://peopleexclusive.com/global-led-obstruct-lighting-market-keyplayers/ ‚Ä¶",,,,"931795272069459968",https://twitter.com/PeoplExclusive/status/931795272069459968
Genesis Lamp,GenesisLampCorp,2017-10-12 15:34,0,1,"Flash Technology‚Äôs Vanguard LED obstruction lighting system http://sumo.ly/HdLt via @ Windpower_Eng",,@,,"918560423028383746",https://twitter.com/GenesisLampCorp/status/918560423028383746
Patricia W. Adam,patriciawadam,2017-03-21 04:43,0,0,"FLASH TECHNOLOGY FH3620-2 TOWER SAFETY LED OBSTRUCTION LIGHTING Radio https://goo.gl/fb/sJvlhb",,,,"844107067380158464",https://twitter.com/patriciawadam/status/844107067380158464
Buy Mobile Phones,99mobilephones,2016-04-29 15:53,0,0,"# Mobile # Phones #5: Selfie Light Torch: Cell Phone Flash LED Mini Spotlight Ring Fill-In Lighting... http://amzn.to/1NGCzYr # Technology",,,# # #5 #,"726137421943820289",https://twitter.com/99mobilephones/status/726137421943820289
Product Bake,productbake,2015-02-28 03:34,0,0,"RT TechCrowdfund: RT TechCrowdfund: RT Pre_Crowd: RT CrowdfundCentre: Istor - Usb Flash Drive With Lighting... - TECHNOLOGY # crowdfunding p‚Ä¶",,,#,"571589161158897664",https://twitter.com/productbake/status/571589161158897664
Product Bake,productbake,2015-02-18 05:47,0,0,"RT TechCrowdfund: RT CrowdfundSpirit: Istor - Usb Flash Drive With Lighting... - TECHNOLOGY # crowdfunding project needs your support ‚Ä¶",,,#,"567998883785277440",https://twitter.com/productbake/status/567998883785277440
PressReleasePoint,prpnews,2015-01-14 09:50,0,0,"http://tinyurl.com/k2ld68x IHS Technology News Flash: Ten Lighting and LED Trends to Watch in 2015",,,,"555376364539224065",https://twitter.com/prpnews/status/555376364539224065
Future Lighting,Future_Lighting,2014-07-28 04:59,0,0,"FLASH: K3 takes over Retail Technology Ltd http://dlvr.it/6Rry1x",,,,"493682171366752256",https://twitter.com/Future_Lighting/status/493682171366752256
SubTerra Studios,SubTerraStudios,2014-07-24 23:30,0,0,"I do believe that we have seen some truly stunning advances in flash lighting technology. http://ow.ly/zxFK8",,,,"492512103803404289",https://twitter.com/SubTerraStudios/status/492512103803404289
Phumla,PhumlaShongwe,2014-04-05 12:48,3,2,"Guys I'm dark, good cams, flash, good lighting and filters make me otherwise, it's not misleading it's technology",,,,"452487986320801793",https://twitter.com/PhumlaShongwe/status/452487986320801793
Sebasti√°n Cueva,dqeva,2013-07-23 13:42,0,0,"# lighting Youtu GShot flash trigger can control your camera via radio or IR: A new technology fir... http://bit.ly/13YKFOn # photography",,,# #,"359730166748020736",https://twitter.com/dqeva/status/359730166748020736
Radio magazine,Radiomagazine,2013-05-10 11:37,0,0,"Flash Technology FTS 370w: Solid-state tower lighting and 2013 Pick Hit Award Winner http://bit.ly/15Ug4ZD",,,,"332882150099677184",https://twitter.com/Radiomagazine/status/332882150099677184
üá∫üá∏U.S. Flash Feedüá∫üá∏,Flash_Feed,2012-10-29 02:31,0,0,"Philips Hue First Impressions: Wi-Fi Lighting Plus Fun - See on Scoop.it - Flash Technology News So,... http://tmblr.co/ZUbd0yWBQAky",,,,"262803759309135872",https://twitter.com/Flash_Feed/status/262803759309135872
üá∫üá∏U.S. Flash Feedüá∫üá∏,Flash_Feed,2012-10-25 00:04,0,0,"Apply to Attend National Tree Lighting Ceremony Tomorrow - See on Scoop.it - Technology and media WASHINGTON... http://vsb.li/xhpMxK",,,,"261317247237246976",https://twitter.com/Flash_Feed/status/261317247237246976
AGL Media Group,AGLMediaGrp,2012-10-18 16:55,1,0,"Flash Technology unveils a new innovation in obstruction lighting. http://j.mp/VfSjGf",,,,"259034926698094595",https://twitter.com/AGLMediaGrp/status/259034926698094595
Paul Stone,StoneZone5,2012-09-18 19:37,2,2,"Its kind of scary that with a flash of lighting or a gust of wind we can be forced into using almost only pre 1900s technology",,,,"248204248112852992",https://twitter.com/StoneZone5/status/248204248112852992
Victory Riders,VRNetwork,2012-06-05 19:33,0,0,"Sequential Lighting Update: Vision-Rider john frey posted: Flash ME Technologies Is the front one available now? http://bit.ly/MB6xxj",,,,"210152326017716224",https://twitter.com/VRNetwork/status/210152326017716224
petLoveDNA,petLoveDNA,2012-05-29 19:18,0,0,"Roadside Electronic Flash Flare 2-pack Includes Case, Bright LED Technology, 4 Variable Lighting Sequences (2580... http://bit.ly/KQ3WfA",,,,"207611825917919234",https://twitter.com/petLoveDNA/status/207611825917919234
Nikon South Africa,Nikon_SA,2012-05-22 10:44,2,0,"Photography - Speedlights and Lighting "Lighting and flash has been around for a long time but the technology... http://fb.me/1xRep44y0",,,,"204945726067851264",https://twitter.com/Nikon_SA/status/204945726067851264
Violet Fenn,violetfenn,2011-12-15 16:39,1,0,"So, technology=bad but pimped up pony buggies complete with flash lighting and touch screens are okay? *confused face* # livingwiththeamish",,,#,"147430632291713024",https://twitter.com/violetfenn/status/147430632291713024
Nalani Bott,beautybott,2011-11-13 17:04,0,1,"Must have to understand technology ie different lighting, flash, angle etc. # MUFEProRoadShow",,,#,"135840399074926592",https://twitter.com/beautybott/status/135840399074926592
Cyrulah,Millennial_Rule,2011-05-20 14:56,0,0,"Flash Technology Launches DC-Powered Meteorological Lighting Package - North American Windpower: Flash Technolog... http://bit.ly/lLdUi2",,,,"71650437610209280",https://twitter.com/Millennial_Rule/status/71650437610209280
LiteTouch,LiteTouch,2009-07-31 09:25,0,1,"See "Experience Lighting Control: Sophisticated technology. Real-world benefits." in 3D Flash at http://tinyurl.com/logxae",,,,"2950850229",https://twitter.com/LiteTouch/status/2950850229
Bill Moore,TheSolarTech,2009-06-22 11:49,0,0,"Flash Technology To Provide Lighting For John Deere Wind Energy: based Flash Technology, an SPX subsidiary, has committe http://url4.eu/18RD",,,,"2280426176",https://twitter.com/TheSolarTech/status/2280426176
Khayyam Wakil üçÅ,iamkhayyam,2009-04-27 05:43,0,0,"BBC - Technology: Is Flash lighting the way for future media? http://bit.ly/xvG80",,,,"1627689239",https://twitter.com/iamkhayyam/status/1627689239
TwitLinksRSS,TwitLinksRSS,2009-02-26 07:13,0,1,"BBC NEWS | dot.life | A blog about technology from BBC News | Is Flash lighting the way for future media?: So ho.. http://tinyurl.com/bfcxly",,,,"1253337899",https://twitter.com/TwitLinksRSS/status/1253337899